Fecha_Captura	Fecha_Objetivo	Temp_OM	Lluvia_OM	Viento_OM	Temp_AEMET	Lluvia_AEMET	Viento_AEMET	Temp_REAL	Lluvia_REAL	Viento_REAL
10-04-2026_11:18	10-04-2026_12:00	18.1	0.0	7.6	18.0	0.0	9.0			
10-04-2026_11:18	10-04-2026_13:00	20.7	0.0	5.0	19.0	0.0	5.0			
10-04-2026_11:18	10-04-2026_14:00	21.9	0.0	9.1	21.0	0.0	25.0			
10-04-2026_14:43	10-04-2026_15:00	21.2	0.0	10.1	20.0	0.0	21.0			
10-04-2026_14:43	10-04-2026_16:00	19.9	0.0	12.0	20.0	0.0	21.0			
10-04-2026_14:43	10-04-2026_17:00	18.7	0.0	14.6	19.0	0.0	15.0			
10-04-2026_17:38	10-04-2026_18:00	17.5	0.0	16.2	19.0	0.0	17.0			
10-04-2026_17:38	10-04-2026_19:00	17.2	0.0	14.1	18.0	0.0	17.0			
10-04-2026_19:59	10-04-2026_20:00	16.4	0.0	13.1	18.0	0.0	18.0			
10-04-2026_19:59	10-04-2026_21:00	15.7	0.0	13.0	17.0	0.0	16.0			
10-04-2026_22:00	10-04-2026_22:00	15.7	0.0	10.7	16.0	0.0	19.0			
10-04-2026_22:00	10-04-2026_23:00	15.5	0.0	7.3	16.0	0.0	13.0			
10-04-2026_23:55	11-04-2026_00:00	15.2	0.0	4.5	15.0	0.0	11.0			
10-04-2026_23:55	11-04-2026_01:00	14.8	0.0	3.1	15.0	0.0	11.0			
10-04-2026_23:55	11-04-2026_02:00	14.6	0.0	5.4	15.0	0.0	6.0			
10-04-2026_23:55	11-04-2026_03:00	14.6	0.0	6.8	15.0	0.0	10.0			
10-04-2026_23:55	11-04-2026_04:00	14.8	0.0	7.2	15.0	0.0	15.0			
10-04-2026_23:55	11-04-2026_05:00	14.7	0.0	1.6	15.0	0.0	19.0			
11-04-2026_05:20	11-04-2026_06:00	15.3	0.0	6.8	15.0	0.0	19.0			
11-04-2026_05:20	11-04-2026_07:00	15.3	0.0	7.6	15.0	0.0	14.0			
11-04-2026_05:20	11-04-2026_08:00	15.4	0.0	7.6	15.0	0.0	16.0			
11-04-2026_08:02	11-04-2026_09:00	15.9	0.0	7.6	16.0	0.1	16.0			
11-04-2026_08:02	11-04-2026_10:00	16.4	0.0	12.4	17.0	0.0	15.0			
11-04-2026_10:59	11-04-2026_11:00	16.8	0.0	13.0	17.0	0.0	16.0			
11-04-2026_11:59	11-04-2026_12:00	17.3	0.0	13.0	18.0	0.0	16.0			
11-04-2026_11:59	11-04-2026_13:00	17.6	0.0	13.7	18.0	0.0	19.0			
11-04-2026_11:59	11-04-2026_14:00	17.9	0.0	13.3	18.0	0.0	17.0			
11-04-2026_14:08	11-04-2026_15:00	18.2	0.0	11.6	18.0	0.0	12.0			
11-04-2026_14:08	11-04-2026_16:00	18.3	0.0	14.0	18.0	0.0	13.0			
11-04-2026_16:02	11-04-2026_17:00	17.6	0.0	17.1	18.0	0.0	17.0			
11-04-2026_16:02	11-04-2026_18:00	17.3	0.0	14.9	18.0	0.0	18.0			
11-04-2026_18:02	11-04-2026_19:00	17.1	0.0	13.2	18.0	0.0	20.0			
11-04-2026_18:02	11-04-2026_20:00	16.4	0.0	13.0	18.0	0.0	19.0			
11-04-2026_20:00	11-04-2026_21:00	16.1	0.0	11.4	17.0	0.0	23.0			
11-04-2026_21:51	11-04-2026_22:00	15.8	0.0	8.6	16.0	0.0	18.0			
11-04-2026_21:51	11-04-2026_23:00	15.8	0.0	8.5	16.0	0.0	12.0			
11-04-2026_23:05	12-04-2026_00:00	15.9	0.0	7.9	17.0	0.0	13.0			
11-04-2026_23:05	12-04-2026_01:00	16.2	0.0	9.7	16.0	0.0	15.0			
11-04-2026_23:05	12-04-2026_02:00	15.8	0.0	14.8	16.0	0.0	14.0			
11-04-2026_23:05	12-04-2026_03:00	15.3	0.0	14.0	15.0	0.0	16.0			
11-04-2026_23:05	12-04-2026_04:00	14.6	0.0	14.8	14.0	0.0	24.0			
11-04-2026_23:05	12-04-2026_05:00	13.9	0.0	16.4	14.0	0.0	24.0			
11-04-2026_23:05	12-04-2026_06:00	13.2	0.0	17.1	13.0	0.0	24.0			
12-04-2026_06:12	12-04-2026_07:00	12.3	0.0	16.8	13.0	0.0	21.0			
12-04-2026_06:12	12-04-2026_08:00	12.0	0.0	14.5	13.0	0.0	16.0			
12-04-2026_06:12	12-04-2026_09:00	12.1	0.0	15.5	13.0	0.0	16.0			
12-04-2026_09:33	12-04-2026_10:00	12.6	0.0	16.6	13.0	0.0	21.0			
12-04-2026_09:33	12-04-2026_11:00	13.2	0.0	18.2	14.0	0.0	26.0			
12-04-2026_11:49	12-04-2026_12:00	13.6	0.0	19.4	15.0	0.0	25.0			
12-04-2026_11:49	12-04-2026_13:00	14.5	0.0	20.8	16.0	0.0	25.0			
12-04-2026_11:49	12-04-2026_14:00	15.5	0.0	22.2	17.0	0.0	31.0			
12-04-2026_14:11	12-04-2026_15:00	16.7	0.0	24.3	18.0	0.0	28.0			
12-04-2026_14:11	12-04-2026_16:00	17.8	0.0	24.1	18.0	0.0	29.0			
12-04-2026_14:11	12-04-2026_17:00	18.5	0.0	25.7	19.0	0.0	33.0			
12-04-2026_17:04	12-04-2026_18:00	18.5	0.0	26.4	19.0	0.0	35.0			
12-04-2026_17:04	12-04-2026_19:00	18.2	0.0	26.1	18.0	0.0	34.0			
12-04-2026_19:55	12-04-2026_20:00	17.9	0.0	24.4	19.0	0.0	31.0			
12-04-2026_19:55	12-04-2026_21:00	17.3	0.0	22.7	18.0	0.0	32.0			
12-04-2026_21:52	12-04-2026_22:00	16.9	0.0	22.0	17.0	0.0	30.0			
12-04-2026_21:52	12-04-2026_23:00	16.5	0.0	23.6	16.0	0.0	35.0			
12-04-2026_23:54	13-04-2026_00:00	15.8	0.0	23.2	15.0	0.0	38.0			
12-04-2026_23:54	13-04-2026_01:00	14.8	0.0	23.2	15.0	0.0	37.0			
12-04-2026_23:54	13-04-2026_02:00	13.8	0.0	21.6	14.0	0.0	34.0			
12-04-2026_23:54	13-04-2026_03:00	13.0	0.0	20.6	13.0	0.0	32.0			
12-04-2026_23:54	13-04-2026_04:00	12.4	0.0	19.7	13.0	0.0	30.0			
12-04-2026_23:54	13-04-2026_05:00	12.0	0.0	18.4	12.0	0.0	26.0			
12-04-2026_23:54	13-04-2026_06:00	11.7	0.0	18.9	12.0	0.0	26.0			
12-04-2026_23:54	13-04-2026_07:00	11.6	0.0	18.1	11.0	0.0	22.0			
13-04-2026_07:27	13-04-2026_08:00	10.9	0.0	14.9	11.0	0.0	18.0			
13-04-2026_07:27	13-04-2026_09:00	11.0	0.0	13.9	12.0	0.0	23.0			
13-04-2026_07:27	13-04-2026_10:00	11.9	0.0	13.5	13.0	0.0	24.0			
13-04-2026_07:27	13-04-2026_11:00	13.3	0.0	13.8	14.0	0.0	24.0			
13-04-2026_11:57	13-04-2026_12:00	14.3	0.0	15.0	15.0	0.0	23.0			
13-04-2026_11:57	13-04-2026_13:00	15.3	0.0	17.6	16.0	0.0	24.0			
13-04-2026_11:57	13-04-2026_14:00	15.9	0.0	19.8	17.0	0.0	25.0			
13-04-2026_11:57	13-04-2026_15:00	16.4	0.0	20.8	17.0	0.0	29.0			
13-04-2026_11:57	13-04-2026_16:00	16.8	0.0	21.9	18.0	0.0	30.0			
13-04-2026_16:41	13-04-2026_17:00	17.1	0.0	23.3	18.0	0.0	33.0			
13-04-2026_16:41	13-04-2026_18:00	17.0	0.0	22.2	18.0	0.0	35.0			
13-04-2026_16:41	13-04-2026_19:00	17.1	0.0	20.7	18.0	0.0	34.0			
13-04-2026_16:41	13-04-2026_20:00	16.5	0.0	18.5	17.0	0.0	36.0			
13-04-2026_20:14	13-04-2026_21:00	16.0	0.0	15.4	17.0	0.0	31.0			
13-04-2026_20:14	13-04-2026_22:00	15.9	0.0	13.9	16.0	0.0	31.0			
13-04-2026_20:14	13-04-2026_23:00	15.8	0.0	12.5	16.0	0.0	25.0			
13-04-2026_23:30	14-04-2026_00:00	15.4	0.0	10.5	16.0	0.0	18.0			
13-04-2026_23:30	14-04-2026_01:00	15.1	0.0	10.7	15.0	0.0	18.0			
13-04-2026_23:30	14-04-2026_02:00	14.7	0.0	10.6	15.0	0.0	18.0			
13-04-2026_23:30	14-04-2026_03:00	14.2	0.0	9.8	15.0	0.0	20.0			
13-04-2026_23:30	14-04-2026_04:00	13.6	0.0	7.9	14.0	0.0	19.0			
13-04-2026_23:30	14-04-2026_05:00	13.0	0.0	6.9	14.0	0.0	11.0			
13-04-2026_23:30	14-04-2026_06:00	12.4	0.0	6.1	13.0	0.0	7.0			
14-04-2026_06:20	14-04-2026_07:00	11.9	0.0	7.2	12.0	0.0	7.0			
14-04-2026_06:20	14-04-2026_08:00	11.6	0.0	6.8	12.0	0.0	8.0			
14-04-2026_06:20	14-04-2026_09:00	11.8	0.0	6.2	13.0	0.0	9.0			
14-04-2026_06:20	14-04-2026_10:00	12.9	0.0	7.3	14.0	0.0	16.0			
14-04-2026_10:52	14-04-2026_11:00	14.2	0.0	7.9	15.0	0.0	17.0			
14-04-2026_10:52	14-04-2026_12:00	15.9	0.0	7.2	16.0	0.0	15.0			
14-04-2026_10:52	14-04-2026_13:00	17.2	0.0	7.7	17.0	0.0	13.0			
14-04-2026_10:52	14-04-2026_14:00	18.0	0.0	11.5	18.0	0.0	17.0			
14-04-2026_10:52	14-04-2026_15:00	18.2	0.0	14.7	17.0	0.0	20.0			
14-04-2026_15:53	14-04-2026_16:00	18.5	0.0	17.3	18.0	0.0	23.0			
14-04-2026_15:53	14-04-2026_17:00	18.5	0.0	16.9	18.0	0.0	25.0			
14-04-2026_15:53	14-04-2026_18:00	18.4	0.0	16.5	18.0	0.0	28.0			
14-04-2026_15:53	14-04-2026_19:00	18.0	0.0	14.8	18.0	0.0	30.0			
14-04-2026_19:56	14-04-2026_20:00	17.1	0.0	14.6	18.0	0.0	26.0			
14-04-2026_19:56	14-04-2026_21:00	16.3	0.0	11.9	17.0	0.0	22.0			
14-04-2026_19:56	14-04-2026_22:00	15.9	0.0	8.4	17.0	0.0	17.0			
14-04-2026_22:33	14-04-2026_23:00				16.0	0.0	14.0			
14-04-2026_22:33	15-04-2026_00:00	15.7	0.0	0.8	16.0	0.0	11.0			
14-04-2026_22:33	15-04-2026_01:00	15.3	0.0	2.3	15.0	0.0	7.0			
14-04-2026_22:33	15-04-2026_02:00	14.0	0.0	4.1	15.0	0.0	7.0			
14-04-2026_22:33	15-04-2026_03:00	13.1	0.0	3.8	15.0	0.0	6.0			
14-04-2026_22:33	15-04-2026_04:00	12.7	0.0	3.7	14.0	0.0	6.0			
14-04-2026_22:33	15-04-2026_05:00	11.9	0.0	4.0	14.0	0.0	2.0			
14-04-2026_22:33	15-04-2026_06:00	11.7	0.0	3.1	13.0	0.0	5.0			
15-04-2026_06:13	15-04-2026_07:00	11.0	0.0	3.4	13.0	0.0	5.0			
15-04-2026_06:13	15-04-2026_08:00	10.7	0.0	3.4	13.0	0.0	3.0			
15-04-2026_06:13	15-04-2026_09:00	11.4	0.0	3.2	15.0	0.0	2.0			
15-04-2026_06:13	15-04-2026_10:00	14.8	0.0	2.9	17.0	0.0	4.0			
15-04-2026_10:46	15-04-2026_11:00	17.7	0.0	5.4	18.0	0.0	8.0			
15-04-2026_10:46	15-04-2026_12:00	19.8	0.0	5.9	19.0	0.0	8.0			
15-04-2026_10:46	15-04-2026_13:00	21.7	0.0	5.2	20.0	0.0	6.0			
15-04-2026_10:46	15-04-2026_14:00	23.0	0.0	6.8	22.0	0.0	16.0			
15-04-2026_14:58	15-04-2026_15:00	23.1	0.0	11.9	22.0	0.0	22.0			
15-04-2026_14:58	15-04-2026_16:00	22.6	0.0	14.5	22.0	0.0	25.0			
15-04-2026_14:58	15-04-2026_17:00	22.2	0.0	13.3	22.0	0.0	26.0			
15-04-2026_14:58	15-04-2026_18:00	21.7	0.0	12.6	21.0	0.0	26.0			
15-04-2026_18:53	15-04-2026_19:00	20.6	0.0	11.1	21.0	0.0	22.0			
15-04-2026_18:53	15-04-2026_20:00	20.0	0.0	10.0	20.0	0.0	20.0			
15-04-2026_18:53	15-04-2026_21:00	18.9	0.0	7.7	19.0	0.0	14.0			
15-04-2026_18:53	15-04-2026_22:00	18.2	0.0	3.4	18.0	0.0	15.0			
15-04-2026_22:05	15-04-2026_23:00				18.0	0.0	10.0			
15-04-2026_22:05	16-04-2026_00:00	17.3	0.0	1.8	17.0	0.0	6.0			
15-04-2026_22:05	16-04-2026_01:00	16.7	0.0	2.1	17.0	0.0	5.0			
15-04-2026_22:05	16-04-2026_02:00	16.0	0.0	2.4	16.0	0.0	6.0			
15-04-2026_22:05	16-04-2026_03:00	15.2	0.0	2.8	16.0	0.0	7.0			
15-04-2026_22:05	16-04-2026_04:00	14.5	0.0	3.3	15.0	0.0	6.0			
15-04-2026_22:05	16-04-2026_05:00	13.9	0.0	3.4	15.0	0.0	5.0			
15-04-2026_22:05	16-04-2026_06:00	13.3	0.0	3.9	15.0	0.0	5.0			
16-04-2026_06:15	16-04-2026_07:00	13.4	0.0	4.5	15.0	0.0	6.0			
16-04-2026_06:15	16-04-2026_08:00	13.3	0.0	4.5	14.0	0.0	7.0			
16-04-2026_06:15	16-04-2026_09:00	14.1	0.0	4.3	16.0	0.0	8.0			
16-04-2026_06:15	16-04-2026_10:00	17.5	0.0	3.9	18.0	0.0	11.0			
16-04-2026_10:49	16-04-2026_11:00	21.2	0.0	5.4	20.0	0.0	15.0			
16-04-2026_10:49	16-04-2026_12:00	23.6	0.0	8.0	21.0	0.0	16.0			
16-04-2026_10:49	16-04-2026_13:00	25.2	0.0	10.8	22.0	0.0	10.0			
16-04-2026_10:49	16-04-2026_14:00	26.6	0.0	13.5	22.0	0.0	11.0			
16-04-2026_10:49	16-04-2026_15:00	27.6	0.0	15.3	22.0	0.0	10.0			
16-04-2026_10:49	16-04-2026_16:00	27.7	0.0	10.4	23.0	0.0	10.0			
16-04-2026_16:11	16-04-2026_17:00	27.4	0.0	8.4	23.0	0.0	11.0			
16-04-2026_16:11	16-04-2026_18:00	27.1	0.0	8.9	24.0	0.0	10.0			
16-04-2026_16:11	16-04-2026_19:00	26.3	0.0	12.1	23.0	0.0	8.0			
16-04-2026_16:11	16-04-2026_20:00	24.8	0.0	11.6	22.0	0.0	6.0			
16-04-2026_20:07	16-04-2026_21:00	22.8	0.0	8.1	21.0	0.0	5.0			
16-04-2026_20:07	16-04-2026_22:00	20.8	0.0	6.4	20.0	0.0	3.0			
16-04-2026_20:07	16-04-2026_23:00	19.4	0.0	7.3	19.0	0.0	9.0			
16-04-2026_23:26	17-04-2026_00:00	18.7	0.0	7.6	19.0	0.0	11.0			
16-04-2026_23:26	17-04-2026_01:00	18.7	0.0	11.4	19.0	0.0	21.0			
16-04-2026_23:26	17-04-2026_02:00	18.6	0.0	12.0	19.0	0.0	21.0			
16-04-2026_23:26	17-04-2026_03:00	18.2	0.0	10.1	18.0	0.0	16.0			
16-04-2026_23:26	17-04-2026_04:00	17.5	0.0	7.6	18.0	0.0	14.0			
16-04-2026_23:26	17-04-2026_05:00	16.7	0.0	6.3	18.0	0.0	14.0			
16-04-2026_23:26	17-04-2026_06:00	16.3	0.0	5.9	17.0	0.0	12.0			
17-04-2026_06:24	17-04-2026_07:00	16.0	0.0	7.6	17.0	0.0	11.0			
17-04-2026_06:24	17-04-2026_08:00	15.7	0.0	6.9	17.0	0.0	10.0			
17-04-2026_06:24	17-04-2026_09:00	16.3	0.0	6.1	18.0	0.0	9.0			
17-04-2026_06:24	17-04-2026_10:00	18.9	0.0	7.1	20.0	0.0	8.0			
17-04-2026_10:40	17-04-2026_11:00	21.8	0.0	17.2	21.0	0.0	20.0			
17-04-2026_10:40	17-04-2026_12:00	23.6	0.0	22.9	22.0	0.0	21.0			
17-04-2026_10:40	17-04-2026_13:00	24.9	0.0	22.9	23.0	0.0	22.0			
17-04-2026_10:40	17-04-2026_14:00	26.0	0.0	24.6	24.0	0.0	25.0			
17-04-2026_14:44	17-04-2026_15:00	26.9	0.0	28.7	24.0	0.0	25.0			
17-04-2026_14:44	17-04-2026_16:00	27.1	0.0	27.4	24.0	0.0	27.0			
17-04-2026_14:44	17-04-2026_17:00	27.0	0.0	25.6	24.0	0.0	26.0			
17-04-2026_17:37	17-04-2026_18:00	26.1	0.0	21.4	23.0	0.0	24.0			
17-04-2026_17:37	17-04-2026_19:00	25.0	0.0	20.3	23.0	0.0	23.0			
17-04-2026_17:37	17-04-2026_20:00	23.6	0.0	17.7	22.0	0.0	23.0			
17-04-2026_20:09	17-04-2026_21:00	21.7	0.0	15.9	21.0	0.0	22.0			
17-04-2026_20:09	17-04-2026_22:00	20.1	0.0	14.2	20.0	0.0	24.0			
17-04-2026_20:09	17-04-2026_23:00	19.2	0.0	13.0	19.0	0.0	26.0			
17-04-2026_23:10	18-04-2026_00:00	18.7	0.0	14.2	19.0	0.0	26.0			
17-04-2026_23:10	18-04-2026_01:00	18.4	0.0	14.2	19.0	0.0	25.0			
17-04-2026_23:10	18-04-2026_02:00	18.2	0.0	14.5	19.0	0.0	26.0			
17-04-2026_23:10	18-04-2026_03:00	18.1	0.0	14.1	18.0	0.0	26.0			
17-04-2026_23:10	18-04-2026_04:00	17.9	0.0	13.2	18.0	0.0	28.0			
17-04-2026_23:10	18-04-2026_05:00	17.6	0.0	10.4	18.0	0.0	27.0			
18-04-2026_05:53	18-04-2026_06:00	17.5	0.0	10.1	18.0	0.0	24.0			
18-04-2026_05:53	18-04-2026_07:00	17.0	0.0	7.5	18.0	0.0	17.0			
18-04-2026_05:53	18-04-2026_08:00	16.7	0.0	6.4	17.0	0.0	12.0			
18-04-2026_08:09	18-04-2026_09:00	17.4	0.0	7.8	19.0	0.0	9.0			
18-04-2026_08:09	18-04-2026_10:00	19.2	0.0	12.4	20.0	0.0	19.0			
18-04-2026_08:09	18-04-2026_11:00	21.1	0.0	18.0	22.0	0.0	22.0			
18-04-2026_11:10	18-04-2026_12:00	23.0	0.0	20.6	23.0	0.0	26.0			
18-04-2026_11:10	18-04-2026_13:00	24.9	0.0	22.3	24.0	0.0	28.0			
18-04-2026_11:10	18-04-2026_14:00	26.3	0.0	23.1	25.0	0.0	28.0			
18-04-2026_14:25	18-04-2026_15:00	27.0	0.0	24.0	25.0	0.0	28.0			
18-04-2026_14:25	18-04-2026_16:00	27.3	0.0	24.7	25.0	0.0	28.0			
18-04-2026_14:25	18-04-2026_17:00	27.1	0.0	24.4	25.0	0.0	27.0			
18-04-2026_17:04	18-04-2026_18:00	26.5	0.0	22.5	24.0	0.0	27.0			
18-04-2026_17:04	18-04-2026_19:00	25.5	0.0	20.8	24.0	0.0	26.0			
18-04-2026_19:55	18-04-2026_20:00	24.3	0.0	18.9	23.0	0.0	23.0			
18-04-2026_19:55	18-04-2026_21:00	22.4	0.0	15.4	22.0	0.0	21.0			
18-04-2026_21:52	18-04-2026_22:00	20.8	0.0	14.7	21.0	0.0	20.0			
18-04-2026_21:52	18-04-2026_23:00	19.9	0.0	15.0	20.0	0.0	21.0			
18-04-2026_23:54	19-04-2026_00:00	19.4	0.0	17.3	20.0	0.0	22.0			
18-04-2026_23:54	19-04-2026_01:00	19.1	0.0	14.8	20.0	0.0	24.0			
18-04-2026_23:54	19-04-2026_02:00	18.6	0.0	10.9	19.0	0.0	26.0			
18-04-2026_23:54	19-04-2026_03:00	17.9	0.0	8.6	19.0	0.0	27.0			
18-04-2026_23:54	19-04-2026_04:00	17.6	0.0	6.2	18.0	0.0	31.0			
18-04-2026_23:54	19-04-2026_05:00	17.2	0.0	5.1	18.0	0.0	30.0			
18-04-2026_23:54	19-04-2026_06:00	16.9	0.0	5.6	18.0	0.0	29.0			
19-04-2026_06:18	19-04-2026_07:00	17.1	0.0	9.0	17.0	0.0	29.0			
19-04-2026_06:18	19-04-2026_08:00	16.9	0.0	8.9	18.0	0.0	27.0			
19-04-2026_06:18	19-04-2026_09:00	17.7	0.0	10.6	19.0	0.0	28.0			
19-04-2026_09:34	19-04-2026_10:00	19.8	0.0	16.0	20.0	0.0	30.0			
19-04-2026_09:34	19-04-2026_11:00	21.8	0.0	20.9	22.0	0.0	32.0			
19-04-2026_11:53	19-04-2026_12:00	23.6	0.0	25.1	23.0	0.0	32.0			
19-04-2026_11:53	19-04-2026_13:00	25.1	0.0	25.8	24.0	0.0	30.0			
19-04-2026_11:53	19-04-2026_14:00	26.1	0.0	26.1	25.0	0.0	29.0			
19-04-2026_14:26	19-04-2026_15:00	27.1	0.0	26.7	25.0	0.0	28.0			
19-04-2026_14:26	19-04-2026_16:00	27.3	0.0	27.1	26.0	0.0	27.0			
19-04-2026_14:26	19-04-2026_17:00	27.0	0.0	26.9	26.0	0.0	26.0			
19-04-2026_17:04	19-04-2026_18:00	26.2	0.0	25.1	25.0	0.0	26.0			
19-04-2026_17:04	19-04-2026_19:00	25.1	0.0	22.9	24.0	0.0	27.0			
19-04-2026_19:56	19-04-2026_20:00	23.7	0.0	18.8	23.0	0.0	23.0			
19-04-2026_19:56	19-04-2026_21:00	21.9	0.0	14.0	21.0	0.0	22.0			
19-04-2026_21:54	19-04-2026_22:00	20.2	0.0	14.8	20.0	0.0	21.0			
19-04-2026_21:54	19-04-2026_23:00	19.4	0.0	12.0	19.0	0.0	23.0			
19-04-2026_23:55	20-04-2026_00:00	18.6	0.0	5.7	18.0	0.0	21.0			
19-04-2026_23:55	20-04-2026_01:00	17.5	0.0	4.5	18.0	0.0	15.0			
19-04-2026_23:55	20-04-2026_02:00	16.6	0.0	5.1	17.0	0.0	9.0			
19-04-2026_23:55	20-04-2026_03:00	15.9	0.0	6.1	17.0	0.0	11.0			
19-04-2026_23:55	20-04-2026_04:00	15.3	0.0	4.6	16.0	0.0	8.0			
19-04-2026_23:55	20-04-2026_05:00	14.7	0.0	4.1	15.0	0.0	7.0			
19-04-2026_23:55	20-04-2026_06:00	13.8	0.0	5.0	15.0	0.0	5.0			
19-04-2026_23:55	20-04-2026_07:00	14.1	0.0	4.5	15.0	0.0	6.0			
20-04-2026_07:29	20-04-2026_08:00	13.8	0.0	4.3	15.0	0.0	6.0			
20-04-2026_07:29	20-04-2026_09:00	14.8	0.0	5.0	17.0	0.0	5.0			
20-04-2026_07:29	20-04-2026_10:00	17.7	0.0	5.0	19.0	0.0	15.0			
20-04-2026_07:29	20-04-2026_11:00	21.0	0.0	13.1	21.0	0.0	20.0			
20-04-2026_11:58	20-04-2026_12:00	23.1	0.0	21.3	22.0	0.0	24.0			
20-04-2026_11:58	20-04-2026_13:00	24.5	0.0	20.9	24.0	0.0	25.0			
20-04-2026_11:58	20-04-2026_14:00	25.9	0.0	21.6	25.0	0.0	22.0			
20-04-2026_11:58	20-04-2026_15:00	27.0	0.0	21.6	26.0	0.0	20.0			
20-04-2026_11:58	20-04-2026_16:00	27.6	0.0	21.4	26.0	0.0	21.0			
20-04-2026_16:20	20-04-2026_17:00	27.4	0.0	23.0	27.0	0.0	21.0			
20-04-2026_16:20	20-04-2026_18:00	26.9	0.0	22.2	26.0	0.0	22.0			
20-04-2026_16:20	20-04-2026_19:00	25.9	0.0	21.1	24.0	0.0	23.0			
20-04-2026_16:20	20-04-2026_20:00	24.3	0.0	18.4	23.0	0.0	22.0			
20-04-2026_20:07	20-04-2026_21:00	22.3	0.0	15.5	22.0	0.0	17.0			
20-04-2026_20:07	20-04-2026_22:00	20.6	0.0	14.5	21.0	0.0	20.0			
20-04-2026_20:07	20-04-2026_23:00	19.7	0.0	14.8	19.0	0.0	23.0			
20-04-2026_23:28	21-04-2026_00:00	19.1	0.0	16.2	19.0	0.0	23.0			
20-04-2026_23:28	21-04-2026_01:00	18.8	0.0	16.4	19.0	0.0	24.0			
20-04-2026_23:28	21-04-2026_02:00	18.7	0.0	17.0	19.0	0.0	25.0			
20-04-2026_23:28	21-04-2026_03:00	18.5	0.0	17.4	19.0	0.0	27.0			
20-04-2026_23:28	21-04-2026_04:00	18.6	0.0	19.1	19.0	0.0	29.0			
20-04-2026_23:28	21-04-2026_05:00	18.7	0.0	20.1	19.0	0.0	31.0			
20-04-2026_23:28	21-04-2026_06:00	18.8	0.0	22.3	19.0	0.0	33.0			
21-04-2026_06:24	21-04-2026_07:00	18.8	0.0	20.7	18.0	0.0	33.0			
21-04-2026_06:24	21-04-2026_08:00	18.8	0.0	21.3	18.0	0.0	32.0			
21-04-2026_06:24	21-04-2026_09:00	19.2	0.0	24.7	20.0	0.0	33.0			
21-04-2026_06:24	21-04-2026_10:00	20.2	0.0	29.4	21.0	0.0	33.0			
21-04-2026_10:54	21-04-2026_11:00	21.5	0.0	29.1	22.0	0.0	40.0			
21-04-2026_10:54	21-04-2026_12:00	22.8	0.0	33.1	23.0	0.0	42.0			
21-04-2026_10:54	21-04-2026_13:00	23.8	0.0	30.4	24.0	0.0	36.0			
21-04-2026_10:54	21-04-2026_14:00	24.7	0.0	30.8	25.0	0.0	38.0			
21-04-2026_10:54	21-04-2026_15:00	25.6	0.0	24.4	25.0	0.0	34.0			
21-04-2026_15:55	21-04-2026_16:00	25.6	0.0	25.3	27.0	0.0	33.0			
21-04-2026_15:55	21-04-2026_17:00	25.0	0.0	27.2	27.0	0.0	31.0			
21-04-2026_15:55	21-04-2026_18:00	22.7	0.0	27.0	25.0	0.0	36.0			
21-04-2026_15:55	21-04-2026_19:00	20.0	0.0	23.8	22.0	0.0	20.0			
21-04-2026_19:55	21-04-2026_20:00	18.4	0.0	16.4	20.0	0.0	17.0			
21-04-2026_19:55	21-04-2026_21:00	17.9	0.0	12.5	19.0	0.0	13.0			
21-04-2026_19:55	21-04-2026_22:00	17.5	0.0	9.3	18.0	0.0	11.0			
21-04-2026_22:25	21-04-2026_23:00				17.0	0.0	13.0			
21-04-2026_22:25	22-04-2026_00:00	16.9	0.0	11.5	17.0	0.0	10.0			
21-04-2026_22:25	22-04-2026_01:00	16.8	0.0	9.8	17.0	0.0	10.0			
21-04-2026_22:25	22-04-2026_02:00	16.7	0.0	8.3	17.0	0.0	11.0			
21-04-2026_22:25	22-04-2026_03:00	16.6	0.0	6.0	17.0	0.0	11.0			
21-04-2026_22:25	22-04-2026_04:00	16.7	0.0	5.5	17.0	0.0	6.0			
21-04-2026_22:25	22-04-2026_05:00	16.8	0.0	5.0	17.0	0.0	5.0			
21-04-2026_22:25	22-04-2026_06:00	16.8	0.0	3.0	17.0	0.0	6.0			
22-04-2026_06:14	22-04-2026_07:00	16.5	0.0	3.1	16.0	0.0	7.0			
22-04-2026_06:14	22-04-2026_08:00	16.5	0.1	2.2	16.0	0.0	5.0			
22-04-2026_06:14	22-04-2026_09:00	16.8	0.0	3.2	17.0	0.0	4.0			
22-04-2026_06:14	22-04-2026_10:00	17.6	0.0	4.7	18.0	0.0	4.0			
22-04-2026_10:52	22-04-2026_11:00	18.2	0.0	1.9	19.0	0.0	6.0			
22-04-2026_10:52	22-04-2026_12:00	19.4	0.0	2.7	20.0	0.0	5.0			
22-04-2026_10:52	22-04-2026_13:00	20.5	0.0	5.8	21.0	0.0	8.0			
22-04-2026_10:52	22-04-2026_14:00	20.8	0.0	8.8	21.0	0.0	14.0			
22-04-2026_10:52	22-04-2026_15:00	21.0	0.0	9.4	21.0	0.0	14.0			
22-04-2026_15:53	22-04-2026_16:00	21.8	0.0	12.1	22.0	0.0	15.0			
22-04-2026_15:53	22-04-2026_17:00	21.3	0.0	13.6	22.0	0.0	16.0			
22-04-2026_15:53	22-04-2026_18:00	20.8	0.0	14.4	21.0	0.0	18.0			
22-04-2026_15:53	22-04-2026_19:00	20.2	0.0	14.2	20.0	0.0	20.0			
22-04-2026_19:56	22-04-2026_20:00	19.2	0.0	12.8	21.0	0.0	18.0			
22-04-2026_19:56	22-04-2026_21:00	18.2	0.0	11.1	20.0	0.0	17.0			
22-04-2026_19:56	22-04-2026_22:00	17.6	0.0	8.7	19.0	0.0	15.0			
22-04-2026_22:35	22-04-2026_23:00				18.0	0.0	11.0			
22-04-2026_22:35	23-04-2026_00:00	17.0	0.0	7.1	17.0	0.0	10.0			
22-04-2026_22:35	23-04-2026_01:00	16.6	0.0	6.7	17.0	0.0	11.0			
22-04-2026_22:35	23-04-2026_02:00	16.4	0.0	6.9	16.0	0.0	14.0			
22-04-2026_22:35	23-04-2026_03:00	16.2	0.0	5.8	16.0	0.0	15.0			
22-04-2026_22:35	23-04-2026_04:00	15.8	0.0	4.7	16.0	0.0	11.0			
22-04-2026_22:35	23-04-2026_05:00	15.4	0.0	2.7	16.0	0.0	7.0			
22-04-2026_22:35	23-04-2026_06:00	15.1	0.0	2.6	16.0	0.0	4.0			
23-04-2026_06:21	23-04-2026_07:00	14.9	0.0	3.4	16.0	0.0	6.0			
23-04-2026_06:21	23-04-2026_08:00	14.5	0.0	3.1	16.0	0.0	9.0			
23-04-2026_06:21	23-04-2026_09:00	14.9	0.0	2.6	17.0	0.0	11.0			
23-04-2026_06:21	23-04-2026_10:00	16.8	0.0	1.5	18.0	0.0	11.0			
23-04-2026_10:58	23-04-2026_11:00	18.2	0.0	3.2	18.0	0.0	8.0			
23-04-2026_10:58	23-04-2026_12:00	19.3	0.0	6.5	20.0	0.0	7.0			
23-04-2026_10:58	23-04-2026_13:00	20.0	0.0	10.7	22.0	0.0	20.0			
23-04-2026_10:58	23-04-2026_14:00	20.4	0.0	10.2	21.0	0.0	25.0			
23-04-2026_10:58	23-04-2026_15:00	20.2	0.0	15.0	21.0	0.0	20.0			
23-04-2026_10:58	23-04-2026_16:00	20.2	0.0	13.8	20.0	0.0	18.0			
23-04-2026_16:55	23-04-2026_17:00	18.9	0.0	16.7	20.0	0.0	18.0			
23-04-2026_16:55	23-04-2026_18:00	18.5	0.0	16.3	20.0	0.0	18.0			
23-04-2026_16:55	23-04-2026_19:00	17.8	0.0	15.0	19.0	0.0	19.0			
23-04-2026_16:55	23-04-2026_20:00	17.3	0.0	13.4	18.0	0.0	17.0			
23-04-2026_20:15	23-04-2026_21:00	17.0	0.0	11.3	18.0	0.0	14.0			
23-04-2026_20:15	23-04-2026_22:00	16.8	0.0	10.5	17.0	0.0	12.0			
23-04-2026_20:15	23-04-2026_23:00	16.8	0.0	8.8	17.0	0.0	10.0			
23-04-2026_23:32	24-04-2026_00:00	16.8	0.0	8.0	17.0	0.0	9.0			
23-04-2026_23:32	24-04-2026_01:00	16.7	0.0	8.7	17.0	0.0	11.0			
23-04-2026_23:32	24-04-2026_02:00	16.6	0.0	8.4	17.0	0.0	14.0			
23-04-2026_23:32	24-04-2026_03:00	16.6	0.0	7.4	17.0	0.0	15.0			
23-04-2026_23:32	24-04-2026_04:00	16.6	0.0	4.9	17.0	0.0	14.0			
23-04-2026_23:32	24-04-2026_05:00	16.5	0.0	5.5	17.0	0.0	14.0			
23-04-2026_23:32	24-04-2026_06:00	16.4	0.0	2.3	17.0	0.0	12.0			
24-04-2026_06:30	24-04-2026_07:00	16.3	0.0	3.5	16.0	0.0	9.0			
24-04-2026_06:30	24-04-2026_08:00	16.4	0.0	2.0	16.0	0.0	7.0			
24-04-2026_06:30	24-04-2026_09:00	16.5	0.0	2.5	17.0	0.1	2.0			
24-04-2026_06:30	24-04-2026_10:00	16.6	0.0	3.1	17.0	0.1	7.0			
24-04-2026_10:56	24-04-2026_11:00	16.5	0.0	3.6	17.0	0.0	2.0			
24-04-2026_10:56	24-04-2026_12:00	16.6	0.0	4.6	18.0	0.6	9.0			
24-04-2026_10:56	24-04-2026_13:00	16.7	0.1	5.2	18.0	0.0	8.0			
24-04-2026_10:56	24-04-2026_14:00	17.1	0.0	3.9	18.0	0.0	5.0			
24-04-2026_10:56	24-04-2026_15:00	17.9	0.0	7.8	19.0	0.0	1.0			
24-04-2026_15:01	24-04-2026_16:00	18.8	0.0	10.2	19.0	0.0	3.0			
24-04-2026_15:01	24-04-2026_17:00	17.9	0.0	8.5	19.0	0.0	9.0			
24-04-2026_15:01	24-04-2026_18:00	17.7	0.0	7.4	19.0	0.0	5.0			
24-04-2026_18:05	24-04-2026_19:00	17.4	0.0	8.8	18.0	0.0	7.0			
24-04-2026_18:05	24-04-2026_20:00	17.2	0.0	6.6	18.0	0.0	5.0			
24-04-2026_18:05	24-04-2026_21:00	17.0	0.0	1.8	18.0	0.0	6.0			
24-04-2026_21:35	24-04-2026_22:00	16.8	0.0	2.3	17.0	0.0	6.0			
24-04-2026_21:35	24-04-2026_23:00	16.5	0.0	1.8	17.0	0.0	2.0			
24-04-2026_23:58	25-04-2026_00:00	16.6	0.0	1.8	17.0	0.0	1.0			
24-04-2026_23:58	25-04-2026_01:00	16.2	0.1	1.6	16.0	0.0	1.0			
24-04-2026_23:58	25-04-2026_02:00	15.8	0.0	1.5	16.0	0.0	2.0			
24-04-2026_23:58	25-04-2026_03:00	15.4	0.0	2.1	16.0	0.0	3.0			
24-04-2026_23:58	25-04-2026_04:00	15.3	0.0	3.1	16.0	0.0	0.0			
24-04-2026_23:58	25-04-2026_05:00	15.0	0.0	4.1	16.0	0.0	6.0			
24-04-2026_23:58	25-04-2026_06:00	14.9	0.0	4.7	16.0	0.0	5.0			
25-04-2026_06:08	25-04-2026_07:00	15.2	0.3	5.5	15.0	0.05	6.0			
25-04-2026_06:08	25-04-2026_08:00	15.2	1.0	5.7	15.0	0.05	4.0			
25-04-2026_06:08	25-04-2026_09:00	15.7	0.0	3.7	17.0	0.0	6.0			
25-04-2026_09:38	25-04-2026_10:00	16.8	0.0	5.0	18.0	0.0	4.0			
25-04-2026_09:38	25-04-2026_11:00	18.1	0.0	6.4	19.0	0.0	7.0			
25-04-2026_11:57	25-04-2026_12:00	18.9	0.0	5.1	19.0	0.0	10.0			
25-04-2026_11:57	25-04-2026_13:00	19.2	0.2	6.2	21.0	0.0	7.0			
25-04-2026_11:57	25-04-2026_14:00	19.3	0.3	5.8	20.0	0.1	3.0			
25-04-2026_14:31	25-04-2026_15:00	19.9	0.3	6.6	21.0	0.0	11.0			
25-04-2026_14:31	25-04-2026_16:00	20.4	0.2	6.1	18.0	0.0	8.0			
25-04-2026_14:31	25-04-2026_17:00	20.9	0.1	5.1	19.0	0.0	8.0			
25-04-2026_17:24	25-04-2026_18:00	22.1	0.0	9.2	20.0	0.0	9.0			
25-04-2026_17:24	25-04-2026_19:00	21.4	0.0	13.2	20.0	0.0	11.0			
25-04-2026_19:57	25-04-2026_20:00	20.0	0.0	16.4	20.0	0.0	6.0			
25-04-2026_19:57	25-04-2026_21:00	18.5	0.0	15.0	19.0	0.0	6.0			
25-04-2026_21:55	25-04-2026_22:00	17.3	0.0	13.1	18.0	0.0	9.0			
25-04-2026_21:55	25-04-2026_23:00	16.7	0.0	16.2	17.0	0.0	8.0			
25-04-2026_23:57	26-04-2026_00:00	16.4	0.0	19.2	17.0	0.0	10.0			
25-04-2026_23:57	26-04-2026_01:00	16.4	0.0	19.8	17.0	0.0	15.0			
25-04-2026_23:57	26-04-2026_02:00	16.4	0.0	20.3	17.0	0.0	19.0			
25-04-2026_23:57	26-04-2026_03:00	16.3	0.0	18.1	17.0	0.0	18.0			
25-04-2026_23:57	26-04-2026_04:00	16.1	0.0	16.6	17.0	0.0	17.0			
25-04-2026_23:57	26-04-2026_05:00	15.9	0.0	13.6	17.0	0.0	15.0			
25-04-2026_23:57	26-04-2026_06:00	15.8	0.0	10.2	16.0	0.0	15.0			
26-04-2026_06:30	26-04-2026_07:00	15.3	0.0	8.7	16.0	0.0	13.0			
26-04-2026_06:30	26-04-2026_08:00	15.0	0.0	6.7	16.0	0.0	13.0			
26-04-2026_06:30	26-04-2026_09:00	15.9	0.0	6.9	17.0	0.0	16.0			
26-04-2026_06:30	26-04-2026_10:00	18.0	0.0	12.1	19.0	0.0	22.0			
26-04-2026_10:07	26-04-2026_11:00	19.6	0.0	22.0	20.0	0.0	26.0			
26-04-2026_10:07	26-04-2026_12:00	21.1	0.0	23.8	21.0	0.0	26.0			
26-04-2026_10:07	26-04-2026_13:00	22.3	0.0	25.6	22.0	0.0	28.0			
26-04-2026_10:07	26-04-2026_14:00	22.9	0.0	25.4	23.0	0.0	28.0			
26-04-2026_14:10	26-04-2026_15:00	23.7	0.0	26.2	22.0	0.0	29.0			
26-04-2026_14:10	26-04-2026_16:00	23.8	0.0	27.2	22.0	0.0	31.0			
26-04-2026_14:10	26-04-2026_17:00	23.8	0.0	27.9	22.0	0.0	32.0			
26-04-2026_17:24	26-04-2026_18:00	23.1	0.0	26.9	22.0	0.0	31.0			
26-04-2026_17:24	26-04-2026_19:00	22.2	0.0	25.8	22.0	0.0	30.0			
26-04-2026_17:24	26-04-2026_20:00	20.9	0.0	22.6	21.0	0.0	30.0			
26-04-2026_20:01	26-04-2026_21:00	19.4	0.0	18.2	20.0	0.0	26.0			
26-04-2026_20:01	26-04-2026_22:00	18.2	0.0	15.5	19.0	0.0	26.0			
26-04-2026_20:01	26-04-2026_23:00	17.5	0.0	15.9	18.0	0.0	19.0			
26-04-2026_23:09	27-04-2026_00:00	17.4	0.0	19.1	18.0	0.0	21.0			
26-04-2026_23:09	27-04-2026_01:00	17.2	0.0	20.2	18.0	0.0	23.0			
26-04-2026_23:09	27-04-2026_02:00	17.1	0.0	21.3	18.0	0.0	23.0			
26-04-2026_23:09	27-04-2026_03:00	17.0	0.0	21.7	17.0	0.0	22.0			
26-04-2026_23:09	27-04-2026_04:00	16.9	0.0	21.4	17.0	0.0	20.0			
26-04-2026_23:09	27-04-2026_05:00	16.9	0.0	21.2	17.0	0.0	21.0			
26-04-2026_23:09	27-04-2026_06:00	16.8	0.0	21.3	17.0	0.0	20.0			
26-04-2026_23:09	27-04-2026_07:00	16.7	0.0	21.9	17.0	0.0	20.0			
27-04-2026_07:58	27-04-2026_08:00	16.8	0.0	21.4	17.0	0.0	21.0			
27-04-2026_07:58	27-04-2026_09:00	17.6	0.0	22.7	18.0	0.0	27.0			
27-04-2026_07:58	27-04-2026_10:00	19.0	0.0	27.4	19.0	0.0	31.0			
27-04-2026_07:58	27-04-2026_11:00	20.1	0.0	31.3	20.0	0.0	30.0			
27-04-2026_07:58	27-04-2026_12:00	20.9	0.0	30.5	21.0	0.0	31.0			
27-04-2026_07:58	27-04-2026_13:00	21.5	0.0	31.0	22.0	0.0	31.0			
27-04-2026_13:09	27-04-2026_14:00	22.0	0.0	32.3	23.0	0.0	33.0			
27-04-2026_13:09	27-04-2026_15:00	22.8	0.0	33.1	23.0	0.0	32.0			
27-04-2026_13:09	27-04-2026_16:00	23.3	0.0	34.2	23.0	0.0	33.0			
27-04-2026_13:09	27-04-2026_17:00	23.1	0.0	34.2	23.0	0.0	33.0			
27-04-2026_17:56	27-04-2026_18:00	22.1	0.0	33.7	22.0	0.0	38.0			
27-04-2026_17:56	27-04-2026_19:00	21.2	0.0	30.7	22.0	0.0	39.0			
27-04-2026_17:56	27-04-2026_20:00	20.1	0.0	29.3	21.0	0.0	36.0			
27-04-2026_17:56	27-04-2026_21:00	19.1	0.0	28.7	20.0	0.0	34.0			
27-04-2026_21:37	27-04-2026_22:00	18.6	0.0	23.9	19.0	0.0	28.0			
27-04-2026_21:37	27-04-2026_23:00	18.3	0.0	27.0	18.0	0.0	27.0			
27-04-2026_21:37	28-04-2026_00:00	18.3	0.0	26.3	18.0	0.0	27.0			
27-04-2026_21:37	28-04-2026_01:00	18.3	0.0	24.0	18.0	0.0	29.0			
27-04-2026_21:37	28-04-2026_02:00	18.3	0.0	19.6	18.0	0.0	26.0			
27-04-2026_21:37	28-04-2026_03:00	18.1	0.0	16.5	18.0	0.0	18.0			
27-04-2026_21:37	28-04-2026_04:00	17.9	0.0	17.9	18.0	0.0	14.0			
27-04-2026_21:37	28-04-2026_05:00	17.4	0.0	18.0	18.0	0.0	23.0			
27-04-2026_21:37	28-04-2026_06:00	17.1	0.0	15.6	18.0	0.0	21.0			
27-04-2026_21:37	28-04-2026_07:00	16.9	0.0	14.4	17.0	0.0	27.0			
28-04-2026_07:39	28-04-2026_08:00	17.2	0.0	14.2	17.0	0.0	21.0			
28-04-2026_07:39	28-04-2026_09:00	17.6	0.0	17.2	18.0	0.0	15.0			
28-04-2026_07:39	28-04-2026_10:00	18.6	0.0	21.9	19.0	0.0	20.0			
28-04-2026_07:39	28-04-2026_11:00	19.8	0.0	26.3	20.0	0.0	23.0			
28-04-2026_07:39	28-04-2026_12:00	21.0	0.0	25.6	21.0	0.0	26.0			
28-04-2026_07:39	28-04-2026_13:00	21.6	0.0	26.6	22.0	0.0	30.0			
28-04-2026_07:39	28-04-2026_14:00	21.8	0.0	25.7	23.0	0.0	34.0			
28-04-2026_07:39	28-04-2026_15:00	22.3	0.1	24.8	23.0	0.0	25.0			
28-04-2026_07:39	28-04-2026_16:00	22.9	0.0	23.7	23.0	0.0	28.0			
28-04-2026_16:13	28-04-2026_17:00	22.1	0.0	22.3	22.0	0.0	26.0			
28-04-2026_16:13	28-04-2026_18:00	21.3	0.0	21.1	22.0	0.0	23.0			
28-04-2026_16:13	28-04-2026_19:00	20.9	0.0	21.2	21.0	0.0	20.0			
28-04-2026_16:13	28-04-2026_20:00	20.3	0.0	20.8	21.0	0.0	22.0			
28-04-2026_20:54	28-04-2026_21:00	19.6	0.0	18.2	20.0	0.0	21.0			
28-04-2026_20:54	28-04-2026_22:00	18.9	0.0	16.3	19.0	0.0	17.0			
28-04-2026_20:54	28-04-2026_23:00	18.4	0.0	15.3	18.0	0.0	16.0			
28-04-2026_20:54	29-04-2026_00:00	18.0	0.0	15.7	18.0	0.0	15.0			
29-04-2026_00:09	29-04-2026_01:00	17.8	0.0	12.3	18.0	0.0	16.0			
29-04-2026_00:09	29-04-2026_02:00	17.7	0.0	11.4	17.0	0.1	18.0			
29-04-2026_00:09	29-04-2026_03:00	17.6	0.0	10.2	17.0	0.1	20.0			
29-04-2026_00:09	29-04-2026_04:00	17.6	0.0	9.8	17.0	0.1	17.0			
29-04-2026_00:09	29-04-2026_05:00	17.6	0.0	10.4	17.0	0.0	14.0			
29-04-2026_00:09	29-04-2026_06:00	17.3	0.0	9.1	17.0	0.0	13.0			
29-04-2026_00:09	29-04-2026_07:00	17.3	0.0	8.2	17.0	0.0	14.0			
29-04-2026_00:09	29-04-2026_08:00	17.4	0.0	6.3	17.0	0.1	17.0			
29-04-2026_00:09	29-04-2026_09:00	17.7	0.0	6.9	18.0	0.2	17.0			
29-04-2026_09:23	29-04-2026_10:00	17.5	0.0	9.7	19.0	0.1	19.0			
29-04-2026_09:23	29-04-2026_11:00	18.2	0.0	12.3	19.0	0.1	19.0			
29-04-2026_09:23	29-04-2026_12:00	18.5	0.0	13.0	19.0	0.0	15.0			
29-04-2026_09:23	29-04-2026_13:00	19.3	0.0	13.8	19.0	0.0	14.0			
29-04-2026_09:23	29-04-2026_14:00	19.7	0.0	13.9	20.0	0.0	15.0			
29-04-2026_09:23	29-04-2026_15:00	19.8	0.0	15.1	20.0	0.0	13.0			
29-04-2026_09:23	29-04-2026_16:00	19.7	0.0	15.1	20.0	0.0	12.0			
29-04-2026_16:16	29-04-2026_17:00	19.0	0.0	13.8	20.0	0.0	10.0			
29-04-2026_16:16	29-04-2026_18:00	18.6	0.0	12.1	20.0	0.0	9.0			
29-04-2026_16:16	29-04-2026_19:00	18.4	0.0	11.4	19.0	0.0	10.0			
29-04-2026_16:16	29-04-2026_20:00	17.9	0.0	10.2	19.0	0.0	12.0			
29-04-2026_20:43	29-04-2026_21:00	17.3	0.0	8.3	18.0	0.0	10.0			
29-04-2026_20:43	29-04-2026_22:00	17.0	0.0	6.2	17.0	0.0	8.0			
29-04-2026_20:43	29-04-2026_23:00	16.8	0.0	0.8	17.0	0.0	6.0			
29-04-2026_20:43	30-04-2026_00:00	16.4	0.0	2.0	16.0	0.0	7.0			
30-04-2026_00:09	30-04-2026_01:00	16.5	0.0	1.6	16.0	0.0	8.0			
30-04-2026_00:09	30-04-2026_02:00	16.1	0.0	1.9	16.0	0.0	8.0			
30-04-2026_00:09	30-04-2026_03:00	15.9	0.0	0.8	16.0	0.0	7.0			
30-04-2026_00:09	30-04-2026_04:00	15.5	0.0	1.3	16.0	0.0	7.0			
30-04-2026_00:09	30-04-2026_05:00	14.8	0.0	2.5	15.0	0.0	6.0			
30-04-2026_00:09	30-04-2026_06:00	13.7	0.0	3.3	15.0	0.0	7.0			
30-04-2026_00:09	30-04-2026_07:00	12.8	0.0	3.6	15.0	0.0	7.0			
30-04-2026_00:09	30-04-2026_08:00	12.6	0.0	3.4	14.0	0.0	1.0			
30-04-2026_00:09	30-04-2026_09:00	13.9	0.0	2.6	16.0	0.0	3.0			
30-04-2026_09:25	30-04-2026_10:00	16.3	0.0	4.1	17.0	0.0	3.0			
30-04-2026_09:25	30-04-2026_11:00	17.9	0.0	5.2	18.0	0.0	4.0			
30-04-2026_09:25	30-04-2026_12:00	19.2	0.0	5.8	19.0	0.0	7.0			
30-04-2026_09:25	30-04-2026_13:00	20.2	0.0	7.6	19.0	0.0	14.0			
30-04-2026_09:25	30-04-2026_14:00	20.4	0.0	11.5	20.0	0.0	18.0			
30-04-2026_09:25	30-04-2026_15:00	20.6	0.0	13.2	20.0	0.0	21.0			
30-04-2026_15:57	30-04-2026_16:00	20.6	0.0	15.0	19.0	0.0	23.0			
30-04-2026_15:57	30-04-2026_17:00	20.1	0.0	16.5	19.0	0.0	25.0			
30-04-2026_15:57	30-04-2026_18:00	19.7	0.0	15.0	19.0	0.0	24.0			
30-04-2026_15:57	30-04-2026_19:00	19.1	0.0	13.7	19.0	0.0	22.0			
30-04-2026_15:57	30-04-2026_20:00	18.6	0.0	13.6	19.0	0.0	19.0			
30-04-2026_20:17	30-04-2026_21:00	18.0	0.0	12.1	19.0	0.0	18.0			
30-04-2026_20:17	30-04-2026_22:00	17.3	0.0	8.6	18.0	0.0	14.0			
30-04-2026_20:17	30-04-2026_23:00	16.9	0.0	7.4	17.0	0.0	12.0			
30-04-2026_23:38	01-05-2026_00:00	16.7	0.0	5.2	17.0	0.0	10.0			
30-04-2026_23:38	01-05-2026_01:00	16.4	0.0	4.5	17.0	0.0	9.0			
30-04-2026_23:38	01-05-2026_02:00	16.2	0.0	2.5	16.0	0.0	8.0			
30-04-2026_23:38	01-05-2026_03:00	15.9	0.0	2.8	16.0	0.0	7.0			
30-04-2026_23:38	01-05-2026_04:00	15.7	0.0	1.9	16.0	0.0	7.0			
30-04-2026_23:38	01-05-2026_05:00	15.6	0.0	2.4	16.0	0.0	7.0			
30-04-2026_23:38	01-05-2026_06:00	15.2	0.0	3.6	16.0	0.0	6.0			
30-04-2026_23:38	01-05-2026_07:00	15.3	0.0	1.1	16.0	0.0	8.0			
01-05-2026_07:53	01-05-2026_08:00	13.6	0.0	5.0	15.0	0.0	7.0			
01-05-2026_07:53	01-05-2026_09:00	14.6	0.0	5.2	16.0	0.0	6.0			
01-05-2026_07:53	01-05-2026_10:00	17.0	0.0	7.0	18.0	0.0	3.0			
01-05-2026_07:53	01-05-2026_11:00	18.8	0.0	8.6	19.0	0.0	9.0			
01-05-2026_11:42	01-05-2026_12:00	19.4	0.0	10.1	19.0	0.0	12.0			
01-05-2026_11:42	01-05-2026_13:00	19.7	0.0	10.5	19.0	0.0	12.0			
01-05-2026_11:42	01-05-2026_14:00	20.2	0.0	10.0	20.0	0.0	13.0			
01-05-2026_11:42	01-05-2026_15:00	20.7	0.0	12.2	20.0	0.0	12.0			
01-05-2026_15:35	01-05-2026_16:00	21.3	0.0	11.2	20.0	0.0	13.0			
01-05-2026_15:35	01-05-2026_17:00	21.2	0.0	13.0	20.0	0.0	13.0			
01-05-2026_15:35	01-05-2026_18:00	20.6	0.0	13.2	19.0	0.0	14.0			
01-05-2026_15:35	01-05-2026_19:00	20.2	0.0	10.5	19.0	0.0	14.0			
01-05-2026_19:56	01-05-2026_20:00	19.3	0.0	9.5	19.0	0.0	12.0			
01-05-2026_19:56	01-05-2026_21:00	18.5	0.0	6.7	19.0	0.0	12.0			
01-05-2026_19:56	01-05-2026_22:00	17.9	0.0	3.4	18.0	0.0	8.0			
01-05-2026_22:36	01-05-2026_23:00				17.0	0.0	4.0			
01-05-2026_22:36	02-05-2026_00:00	17.2	0.0	3.1	17.0	0.0	5.0			
01-05-2026_22:36	02-05-2026_01:00	17.0	0.0	3.5	17.0	0.0	7.0			
01-05-2026_22:36	02-05-2026_02:00	16.8	0.0	1.8	17.0	0.0	8.0			
01-05-2026_22:36	02-05-2026_03:00	16.8	0.0	1.8	17.0	0.0	6.0			
01-05-2026_22:36	02-05-2026_04:00	17.0	0.0	2.5	17.0	0.0	6.0			
01-05-2026_22:36	02-05-2026_05:00	16.7	0.0	2.4	17.0	0.0	7.0			
01-05-2026_22:36	02-05-2026_06:00	16.4	0.0	2.8	17.0	0.0	8.0			
02-05-2026_06:23	02-05-2026_07:00	16.7	0.0	1.8	17.0	0.0	9.0			
02-05-2026_06:23	02-05-2026_08:00	16.5	0.0	3.3	17.0	0.0	7.0			
02-05-2026_06:23	02-05-2026_09:00	17.1	0.0	3.4	18.0	0.0	6.0			
02-05-2026_06:23	02-05-2026_10:00	18.1	0.0	5.1	19.0	0.0	6.0			
02-05-2026_10:12	02-05-2026_11:00	20.6	0.0	15.7	20.0	0.1	17.0			
02-05-2026_10:12	02-05-2026_12:00	21.4	0.0	17.3	21.0	0.0	15.0			
02-05-2026_10:12	02-05-2026_13:00	23.1	0.0	20.0	21.0	0.0	4.0			
02-05-2026_10:12	02-05-2026_14:00	23.6	0.0	17.1	22.0	0.0	14.0			
02-05-2026_14:15	02-05-2026_15:00	23.8	0.0	14.4	22.0	0.0	20.0			
02-05-2026_14:15	02-05-2026_16:00	22.3	0.0	17.4	21.0	0.0	8.0			
02-05-2026_14:15	02-05-2026_17:00	20.3	0.0	18.7	21.0	0.0	11.0			
02-05-2026_17:32	02-05-2026_18:00	19.9	0.0	14.2	21.0	0.0	12.0			
02-05-2026_17:32	02-05-2026_19:00	19.3	0.0	11.2	20.0	0.0	14.0			
02-05-2026_17:32	02-05-2026_20:00	19.1	0.0	10.4	19.0	0.0	12.0			
02-05-2026_20:04	02-05-2026_21:00	18.8	0.0	9.8	19.0	0.0	13.0			
02-05-2026_20:04	02-05-2026_22:00	18.1	0.0	8.5	18.0	0.0	13.0			
02-05-2026_20:04	02-05-2026_23:00	17.7	0.0	5.7	18.0	0.0	7.0			
02-05-2026_23:28	03-05-2026_00:00	17.7	0.0	4.7	17.0	0.0	7.0			
02-05-2026_23:28	03-05-2026_01:00	17.5	0.0	4.8	17.0	0.0	4.0			
02-05-2026_23:28	03-05-2026_02:00	17.4	0.0	1.8	17.0	0.0	5.0			
02-05-2026_23:28	03-05-2026_03:00	17.3	0.0	3.3	17.0	0.0	5.0			
02-05-2026_23:28	03-05-2026_04:00	17.3	0.0	4.7	17.0	0.0	7.0			
02-05-2026_23:28	03-05-2026_05:00	17.3	0.0	2.3	17.0	0.0	7.0			
02-05-2026_23:28	03-05-2026_06:00	17.2	0.0	3.1	17.0	0.0	6.0			
02-05-2026_23:28	03-05-2026_07:00	17.0	0.0	3.6	16.0	0.0	7.0			
03-05-2026_07:31	03-05-2026_08:00	17.0	0.1	3.3	16.0	0.0	10.0			
03-05-2026_07:31	03-05-2026_09:00	17.4	0.1	5.6	17.0	0.0	10.0			
03-05-2026_07:31	03-05-2026_10:00	18.1	0.1	6.5	18.0	0.0	11.0			
03-05-2026_07:31	03-05-2026_11:00	18.9	0.0	9.2	19.0	0.0	15.0			
03-05-2026_11:08	03-05-2026_12:00	19.8	0.0	11.6	19.0	0.0	13.0			
03-05-2026_11:08	03-05-2026_13:00	20.2	0.0	12.4	20.0	0.0	15.0			
03-05-2026_11:08	03-05-2026_14:00	20.7	0.0	14.1	20.0	0.0	15.0			
03-05-2026_14:40	03-05-2026_15:00	21.2	0.0	15.8	20.0	0.0	16.0			
03-05-2026_14:40	03-05-2026_16:00	21.1	0.0	16.0	21.0	0.0	19.0			
03-05-2026_14:40	03-05-2026_17:00	20.6	0.0	17.3	21.0	0.0	20.0			
03-05-2026_17:35	03-05-2026_18:00	20.1	0.0	17.7	20.0	0.0	19.0			
03-05-2026_17:35	03-05-2026_19:00	19.5	0.0	17.4	20.0	0.0	17.0			
03-05-2026_17:35	03-05-2026_20:00	18.7	0.0	16.7	19.0	0.0	19.0			
03-05-2026_20:05	03-05-2026_21:00	18.1	0.0	13.8	19.0	0.0	21.0			
03-05-2026_20:05	03-05-2026_22:00	17.7	0.0	12.0	18.0	0.0	20.0			
03-05-2026_20:05	03-05-2026_23:00	17.4	0.0	11.5	17.0	0.0	18.0			
03-05-2026_23:29	04-05-2026_00:00	17.4	0.0	11.6	17.0	0.0	17.0			
03-05-2026_23:29	04-05-2026_01:00	17.4	0.0	9.4	17.0	0.0	17.0			
03-05-2026_23:29	04-05-2026_02:00	17.3	0.0	9.0	17.0	0.0	18.0			
03-05-2026_23:29	04-05-2026_03:00	17.3	0.0	8.7	17.0	0.0	20.0			
03-05-2026_23:29	04-05-2026_04:00	16.9	0.0	10.3	17.0	0.0	20.0			
03-05-2026_23:29	04-05-2026_05:00	16.6	0.0	8.9	17.0	0.0	19.0			
03-05-2026_23:29	04-05-2026_06:00	16.9	0.0	6.8	16.0	0.0	19.0			
03-05-2026_23:29	04-05-2026_07:00	16.7	0.0	8.5	16.0	0.0	18.0			
03-05-2026_23:29	04-05-2026_08:00	16.3	0.0	8.7	16.0	0.0	17.0			
03-05-2026_23:29	04-05-2026_09:00	16.6	0.0	11.0	17.0	0.0	15.0			
04-05-2026_09:06	04-05-2026_10:00	17.2	0.0	13.3	17.0	0.0	16.0			
04-05-2026_09:06	04-05-2026_11:00	18.0	0.0	15.9	18.0	0.0	18.0			
04-05-2026_09:06	04-05-2026_12:00	18.5	0.0	17.3	19.0	0.0	21.0			
04-05-2026_09:06	04-05-2026_13:00	18.9	0.0	17.9	19.0	0.0	23.0			
04-05-2026_09:06	04-05-2026_14:00	19.1	0.0	19.1	19.0	0.0	23.0			
04-05-2026_09:06	04-05-2026_15:00	19.2	0.0	20.3	20.0	0.0	24.0			
04-05-2026_09:06	04-05-2026_16:00	19.3	0.0	19.9	20.0	0.0	25.0			
04-05-2026_16:21	04-05-2026_17:00	19.7	0.0	20.5	20.0	0.0	26.0			
04-05-2026_16:21	04-05-2026_18:00	19.5	0.0	20.1	20.0	0.0	27.0			
04-05-2026_16:21	04-05-2026_19:00	18.8	0.0	22.7	19.0	0.0	27.0			
04-05-2026_16:21	04-05-2026_20:00	18.2	0.0	21.6	19.0	0.0	27.0			
04-05-2026_20:53	04-05-2026_21:00	17.7	0.0	18.9	18.0	0.0	27.0			
04-05-2026_20:53	04-05-2026_22:00	17.4	0.0	16.7	18.0	0.0	27.0			
04-05-2026_20:53	04-05-2026_23:00	17.5	0.0	17.2	17.0	0.0	28.0			
04-05-2026_20:53	05-05-2026_00:00	17.6	0.0	16.9	17.0	0.0	29.0			
05-05-2026_00:10	05-05-2026_01:00	18.3	0.0	16.1	18.0	0.0	23.0			
05-05-2026_00:10	05-05-2026_02:00	17.6	0.0	14.1	18.0	0.0	23.0			
05-05-2026_00:10	05-05-2026_03:00	16.9	0.0	10.9	17.0	0.0	20.0			
05-05-2026_00:10	05-05-2026_04:00	16.2	0.0	9.6	16.0	0.0	20.0			
05-05-2026_00:10	05-05-2026_05:00	15.5	0.0	8.8	16.0	0.0	18.0			
05-05-2026_00:10	05-05-2026_06:00	14.8	0.0	8.0	15.0	0.0	18.0			
05-05-2026_00:10	05-05-2026_07:00	14.2	0.0	6.5	15.0	0.0	15.0			
05-05-2026_00:10	05-05-2026_08:00	14.0	0.0	5.9	14.0	0.0	12.0			
05-05-2026_08:36	05-05-2026_09:00	14.9	0.0	7.3	16.0	0.0	14.0			
05-05-2026_08:36	05-05-2026_10:00	16.4	0.0	9.8	17.0	0.0	14.0			
05-05-2026_08:36	05-05-2026_11:00	17.7	0.0	10.7	18.0	0.0	13.0			
05-05-2026_08:36	05-05-2026_12:00	18.6	0.0	12.7	19.0	0.0	12.0			
05-05-2026_12:15	05-05-2026_13:00	19.0	0.0	15.5	19.0	0.0	14.0			
05-05-2026_12:15	05-05-2026_14:00	19.2	0.0	17.9	20.0	0.0	20.0			
05-05-2026_12:15	05-05-2026_15:00	19.5	0.0	18.8	19.0	0.0	24.0			
05-05-2026_12:15	05-05-2026_16:00	19.5	0.0	20.0	20.0	0.0	26.0			
05-05-2026_12:15	05-05-2026_17:00	19.4	0.0	21.2	20.0	0.0	25.0			
05-05-2026_12:15	05-05-2026_18:00	19.3	0.0	21.3	20.0	0.0	26.0			
05-05-2026_18:02	05-05-2026_19:00	18.7	0.0	21.6	19.0	0.0	28.0			
05-05-2026_18:02	05-05-2026_20:00	18.0	0.0	20.5	19.0	0.0	28.0			
05-05-2026_18:02	05-05-2026_21:00	17.4	0.0	18.4	19.0	0.0	26.0			
05-05-2026_18:02	05-05-2026_22:00	17.3	0.0	14.8	17.0	0.0	20.0			
05-05-2026_22:16	05-05-2026_23:00				18.0	0.0	13.0			
05-05-2026_22:16	06-05-2026_00:00	17.3	0.0	3.9	18.0	0.0	10.0			
05-05-2026_22:16	06-05-2026_01:00	16.4	0.0	3.2	18.0	0.0	9.0			
05-05-2026_22:16	06-05-2026_02:00	15.4	0.0	6.1	17.0	0.0	9.0			
05-05-2026_22:16	06-05-2026_03:00	14.9	0.0	6.5	17.0	0.0	13.0			
05-05-2026_22:16	06-05-2026_04:00	14.3	0.0	7.1	16.0	0.0	13.0			
05-05-2026_22:16	06-05-2026_05:00	13.6	0.0	6.6	16.0	0.0	13.0			
05-05-2026_22:16	06-05-2026_06:00	13.4	0.0	5.1	15.0	0.0	11.0			
05-05-2026_22:16	06-05-2026_07:00	13.2	0.0	5.1	15.0	0.0	9.0			
05-05-2026_22:16	06-05-2026_08:00	13.0	0.0	3.5	14.0	0.0	9.0			
05-05-2026_22:16	06-05-2026_09:00	14.1	0.0	1.8	16.0	0.0	14.0			
05-05-2026_22:16	06-05-2026_10:00	16.6	0.0	3.8	17.0	0.0	14.0			
05-05-2026_22:16	06-05-2026_11:00	18.3	0.0	4.4	19.0	0.0	12.0			
05-05-2026_22:16	06-05-2026_12:00	19.7	0.0	7.3	19.0	0.0	11.0			
05-05-2026_22:16	06-05-2026_13:00	20.1	0.0	12.0	20.0	0.0	15.0			
05-05-2026_22:16	06-05-2026_14:00	20.2	0.0	16.0	20.0	0.0	17.0			
05-05-2026_22:16	06-05-2026_15:00	20.5	0.0	17.5	20.0	0.0	20.0			
06-05-2026_15:54	06-05-2026_16:00	20.1	0.0	19.1	20.0	0.0	24.0			
06-05-2026_15:54	06-05-2026_17:00	19.9	0.0	18.4	20.0	0.0	23.0			
06-05-2026_15:54	06-05-2026_18:00	19.4	0.0	17.7	20.0	0.0	22.0			
06-05-2026_15:54	06-05-2026_19:00	18.8	0.0	16.2	19.0	0.0	20.0			
06-05-2026_15:54	06-05-2026_20:00	18.2	0.0	15.0	19.0	0.0	20.0			
06-05-2026_20:53	06-05-2026_21:00	17.1	0.0	13.0	18.0	0.0	17.0			
06-05-2026_20:53	06-05-2026_22:00	16.6	0.0	9.1	18.0	0.0	13.0			
06-05-2026_20:53	06-05-2026_23:00	16.3	0.0	5.8	17.0	0.0	11.0			
06-05-2026_23:37	07-05-2026_00:00	16.1	0.0	5.2	17.0	0.0	10.0			
06-05-2026_23:37	07-05-2026_01:00	15.8	0.0	5.8	17.0	0.0	9.0			
06-05-2026_23:37	07-05-2026_02:00	15.8	0.0	5.7	16.0	0.0	8.0			
06-05-2026_23:37	07-05-2026_03:00	15.8	0.0	6.2	16.0	0.0	7.0			
06-05-2026_23:37	07-05-2026_04:00	15.5	0.0	6.8	16.0	0.0	8.0			
06-05-2026_23:37	07-05-2026_05:00	15.4	0.0	5.4	16.0	0.0	5.0			
06-05-2026_23:37	07-05-2026_06:00	15.4	0.0	4.0	16.0	0.0	7.0			
06-05-2026_23:37	07-05-2026_07:00	15.2	0.0	5.4	16.0	0.0	10.0			
06-05-2026_23:37	07-05-2026_08:00	15.4	0.0	7.1	16.0	0.0	14.0			
06-05-2026_23:37	07-05-2026_09:00	16.5	0.0	8.8	16.0	0.0	16.0			
07-05-2026_09:45	07-05-2026_10:00	17.5	0.0	12.9	18.0	0.0	16.0			
07-05-2026_09:45	07-05-2026_11:00	18.1	0.0	13.7	18.0	0.0	17.0			
07-05-2026_09:45	07-05-2026_12:00	18.6	0.0	14.3	18.0	0.0	17.0			
07-05-2026_09:45	07-05-2026_13:00	19.2	0.0	13.7	19.0	0.0	15.0			
07-05-2026_09:45	07-05-2026_14:00	19.8	0.0	14.4	19.0	0.0	13.0			
07-05-2026_09:45	07-05-2026_15:00	19.7	0.0	17.1	19.0	0.0	14.0			
07-05-2026_09:45	07-05-2026_16:00	19.8	0.0	17.7	19.0	0.0	16.0			
07-05-2026_16:28	07-05-2026_17:00	19.3	0.0	17.3	19.0	0.0	20.0			
07-05-2026_16:28	07-05-2026_18:00	19.2	0.0	17.9	19.0	0.0	22.0			
07-05-2026_16:28	07-05-2026_19:00	18.5	0.0	18.6	19.0	0.0	21.0			
07-05-2026_16:28	07-05-2026_20:00	17.7	0.0	15.8	18.0	0.0	20.0			
07-05-2026_20:51	07-05-2026_21:00	17.1	0.0	13.0	18.0	0.0	16.0			
07-05-2026_20:51	07-05-2026_22:00	16.7	0.0	10.1	17.0	0.0	15.0			
07-05-2026_20:51	07-05-2026_23:00	16.5	0.0	5.8	17.0	0.0	13.0			
07-05-2026_20:51	08-05-2026_00:00	16.3	0.0	4.6	17.0	0.0	10.0			
08-05-2026_00:08	08-05-2026_01:00	16.1	0.0	4.3	16.0	0.0	6.0			
08-05-2026_00:08	08-05-2026_02:00	16.0	0.0	4.8	16.0	0.0	6.0			
08-05-2026_00:08	08-05-2026_03:00	16.0	0.0	6.5	16.0	0.0	8.0			
08-05-2026_00:08	08-05-2026_04:00	15.9	0.0	5.4	16.0	0.0	13.0			
08-05-2026_00:08	08-05-2026_05:00	15.5	0.0	3.6	15.0	0.0	10.0			
08-05-2026_00:08	08-05-2026_06:00	15.1	0.0	4.2	15.0	0.0	6.0			
08-05-2026_00:08	08-05-2026_07:00	14.4	0.0	5.4	15.0	0.0	3.0			
08-05-2026_07:05	08-05-2026_08:00	14.1	0.0	5.3	15.0	0.0	2.0			
08-05-2026_07:05	08-05-2026_09:00	15.1	0.0	5.2	16.0	0.0	8.0			
08-05-2026_07:05	08-05-2026_10:00	17.2	0.0	6.0	17.0	0.0	6.0			
08-05-2026_07:05	08-05-2026_11:00	18.7	0.0	10.1	19.0	0.0	7.0			
08-05-2026_07:05	08-05-2026_12:00	19.7	0.0	11.7	19.0	0.0	13.0			
08-05-2026_12:16	08-05-2026_13:00	21.0	0.0	12.1	20.0	0.0	19.0			
08-05-2026_12:16	08-05-2026_14:00	20.9	0.0	15.6	20.0	0.0	21.0			
08-05-2026_12:16	08-05-2026_15:00	21.1	0.0	15.6	20.0	0.0	22.0			
08-05-2026_12:16	08-05-2026_16:00	21.2	0.0	16.9	21.0	0.0	20.0			
08-05-2026_16:58	08-05-2026_17:00	20.7	0.0	14.8	21.0	0.0	19.0			
08-05-2026_16:58	08-05-2026_18:00	20.5	0.0	15.3	21.0	0.0	19.0			
08-05-2026_16:58	08-05-2026_19:00	20.7	0.0	14.7	20.0	0.0	22.0			
08-05-2026_16:58	08-05-2026_20:00	21.3	0.0	16.6	21.0	0.0	10.0			
08-05-2026_20:37	08-05-2026_21:00	19.8	0.0	17.3	20.0	0.0	23.0			
08-05-2026_20:37	08-05-2026_22:00	18.8	0.0	16.1	19.0	0.0	19.0			
08-05-2026_20:37	08-05-2026_23:00	18.3	0.0	15.1	18.0	0.0	17.0			
08-05-2026_20:37	09-05-2026_00:00	17.9	0.0	14.5	18.0	0.0	18.0			
09-05-2026_00:13	09-05-2026_01:00	17.7	0.0	18.5	17.0	0.0	22.0			
09-05-2026_00:13	09-05-2026_02:00	17.4	0.0	16.4	17.0	0.0	24.0			
09-05-2026_00:13	09-05-2026_03:00	17.0	0.0	14.6	17.0	0.0	24.0			
09-05-2026_00:13	09-05-2026_04:00	17.2	0.0	14.4	16.0	0.0	21.0			
09-05-2026_00:13	09-05-2026_05:00	17.2	0.0	16.9	16.0	0.0	24.0			
09-05-2026_00:13	09-05-2026_06:00	16.1	1.0	19.9	16.0	0.0	29.0			
09-05-2026_00:13	09-05-2026_07:00	15.7	3.5	23.8	16.0	0.2	34.0			
09-05-2026_07:27	09-05-2026_08:00	15.5	1.7	27.1	16.0	5.0	35.0			
09-05-2026_07:27	09-05-2026_09:00	16.0	1.2	26.7	15.0	2.0	38.0			
09-05-2026_07:27	09-05-2026_10:00	16.6	0.9	26.3	18.0	0.0	40.0			
09-05-2026_07:27	09-05-2026_11:00	17.4	0.3	29.7	17.0	0.0	39.0			
09-05-2026_11:14	09-05-2026_12:00	17.7	1.1	31.1	18.0	3.0	39.0			
09-05-2026_11:14	09-05-2026_13:00	18.0	1.4	29.5	18.0	3.0	32.0			
09-05-2026_11:14	09-05-2026_14:00	18.1	1.0	29.7	19.0	0.1	40.0			
09-05-2026_11:14	09-05-2026_15:00	18.3	0.6	28.5	18.0	0.0	32.0			
09-05-2026_15:15	09-05-2026_16:00	18.5	0.4	25.3	19.0	0.0	28.0			
09-05-2026_15:15	09-05-2026_17:00	18.7	0.3	25.8	20.0	0.0	31.0			
09-05-2026_15:15	09-05-2026_18:00	18.5	0.2	23.9	20.0	0.0	31.0			
09-05-2026_15:15	09-05-2026_19:00	18.6	0.1	22.0	20.0	0.0	30.0			
09-05-2026_19:45	09-05-2026_20:00	18.2	0.1	20.4	19.0	0.0	27.0			
09-05-2026_19:45	09-05-2026_21:00	17.8	0.0	18.7	19.0	0.0	26.0			
09-05-2026_19:45	09-05-2026_22:00	17.5	0.0	16.9	19.0	0.0	24.0			
09-05-2026_22:10	09-05-2026_23:00				18.0	0.1	20.0			
09-05-2026_22:10	10-05-2026_00:00	17.2	0.0	12.4	18.0	0.1	18.0			
09-05-2026_22:10	10-05-2026_01:00	17.2	0.0	13.8	18.0	0.1	18.0			
09-05-2026_22:10	10-05-2026_02:00	16.9	0.0	14.7	18.0	0.0	18.0			
09-05-2026_22:10	10-05-2026_03:00	16.5	0.3	13.9	17.0	0.0	18.0			
09-05-2026_22:10	10-05-2026_04:00	16.3	0.3	16.2	17.0	0.3	23.0			
09-05-2026_22:10	10-05-2026_05:00	16.2	0.4	17.3	16.0	1.0	18.0			
09-05-2026_22:10	10-05-2026_06:00	16.1	0.4	17.5	16.0	1.0	18.0			
09-05-2026_22:10	10-05-2026_07:00	16.1	0.3	18.0	17.0	0.0	18.0			
10-05-2026_07:35	10-05-2026_08:00	16.5	0.0	18.6	17.0	0.0	24.0			
10-05-2026_07:35	10-05-2026_09:00	16.8	0.2	19.3	18.0	0.0	27.0			
10-05-2026_07:35	10-05-2026_10:00	17.0	0.5	21.5	18.0	0.1	27.0			
10-05-2026_07:35	10-05-2026_11:00	17.0	0.5	21.7	19.0	0.0	26.0			
10-05-2026_11:27	10-05-2026_12:00	17.7	0.5	22.9	18.0	0.0	27.0			
10-05-2026_11:27	10-05-2026_13:00	18.0	0.3	22.0	19.0	0.0	26.0			
10-05-2026_13:25	10-05-2026_14:00	18.6	0.2	21.4	20.0	0.0	26.0			
10-05-2026_14:56	10-05-2026_15:00	18.6	0.1	21.7	20.0	0.0	25.0			
10-05-2026_15:59	10-05-2026_16:00	18.5	0.1	18.8	20.0	0.05	24.0			
10-05-2026_15:59	10-05-2026_17:00	18.8	0.0	18.1	20.0	0.05	20.0			
10-05-2026_17:06	10-05-2026_18:00	18.3	0.0	18.5	20.0	0.0	18.0			
10-05-2026_17:06	10-05-2026_19:00	18.1	0.0	16.8	20.0	0.0	13.0			
10-05-2026_19:09	10-05-2026_20:00	18.0	0.0	14.8	19.0	0.0	17.0			
10-05-2026_20:52	10-05-2026_21:00	17.6	0.0	13.0	18.0	0.0	16.0			
10-05-2026_21:52	10-05-2026_22:00	17.4	0.0	10.5	18.0	0.0	15.0			
10-05-2026_22:52	10-05-2026_23:00				17.0	0.0	15.0			
10-05-2026_23:55	11-05-2026_00:00	17.2	0.0	8.1	17.0	0.0	14.0			
10-05-2026_23:55	11-05-2026_01:00	16.8	0.0	6.0	17.0	0.0	14.0			
10-05-2026_23:55	11-05-2026_02:00	16.4	0.0	5.2	17.0	0.0	13.0			
10-05-2026_23:55	11-05-2026_03:00	16.2	0.0	5.7	17.0	0.0	14.0			
11-05-2026_03:55	11-05-2026_04:00	16.3	0.0	5.6	16.0	0.0	13.0			
11-05-2026_03:55	11-05-2026_05:00	16.4	0.0	6.0	16.0	0.0	14.0			
11-05-2026_03:55	11-05-2026_06:00	16.3	0.0	5.5	16.0	0.0	13.0			
11-05-2026_03:55	11-05-2026_07:00	16.2	0.0	4.6	16.0	0.0	11.0			
11-05-2026_07:48	11-05-2026_08:00	15.8	0.0	1.1	16.0	0.0	10.0			
11-05-2026_07:48	11-05-2026_09:00	16.6	0.0	0.5	17.0	0.0	14.0			
11-05-2026_07:48	11-05-2026_10:00	18.0	0.0	1.1	18.0	0.0	12.0			
11-05-2026_07:48	11-05-2026_11:00	18.6	0.0	9.1	19.0	0.0	11.0			
11-05-2026_11:27	11-05-2026_12:00	18.7	0.0	11.2	19.0	0.0	7.0			
11-05-2026_11:27	11-05-2026_13:00	19.3	0.0	11.5	20.0	0.0	10.0			
11-05-2026_11:27	11-05-2026_14:00	20.0	0.0	12.2	20.0	0.0	11.0			
11-05-2026_11:27	11-05-2026_15:00	20.2	0.0	14.0	20.0	0.0	12.0			
11-05-2026_15:17	11-05-2026_16:00	20.7	0.0	13.7	20.0	0.0	11.0			
11-05-2026_15:17	11-05-2026_17:00	20.6	0.0	13.3	20.0	0.0	14.0			
11-05-2026_17:57	11-05-2026_18:00	20.1	0.0	13.5	20.0	0.0	15.0			
11-05-2026_17:57	11-05-2026_19:00	19.6	0.0	12.6	20.0	0.0	14.0			
11-05-2026_19:58	11-05-2026_20:00	19.2	0.0	10.4	19.0	0.0	15.0			
11-05-2026_19:58	11-05-2026_21:00	18.4	0.0	7.6	18.0	0.0	14.0			
11-05-2026_21:24	11-05-2026_22:00	17.7	0.0	5.8	18.0	0.0	10.0			
11-05-2026_22:57	11-05-2026_23:00				17.0	0.0	9.0			
11-05-2026_22:57	12-05-2026_00:00	17.0	0.0	5.4	17.0	0.0	11.0			
12-05-2026_00:05	12-05-2026_01:00	16.9	0.0	5.1	17.0	0.0	16.0			
12-05-2026_00:05	12-05-2026_02:00	16.8	0.0	6.6	17.0	0.0	20.0			
12-05-2026_00:05	12-05-2026_03:00	17.0	0.0	8.0	17.0	0.0	15.0			
12-05-2026_00:05	12-05-2026_04:00	17.1	0.0	9.5	17.0	0.0	14.0			
12-05-2026_04:37	12-05-2026_05:00	16.9	0.0	10.0	17.0	0.0	16.0			
12-05-2026_04:37	12-05-2026_06:00	16.9	0.0	11.1	16.0	0.0	12.0			
12-05-2026_04:37	12-05-2026_07:00	16.7	0.0	8.5	16.0	0.1	11.0			
12-05-2026_07:44	12-05-2026_08:00	16.8	0.0	5.5	16.0	0.0	8.0			
12-05-2026_07:44	12-05-2026_09:00	17.0	0.0	14.5	16.0	0.8	14.0			
12-05-2026_07:44	12-05-2026_10:00	16.7	0.4	13.8	17.0	2.0	18.0			
12-05-2026_10:34	12-05-2026_11:00	17.1	0.6	14.9	18.0	0.0	19.0			
12-05-2026_10:34	12-05-2026_12:00	17.6	0.5	16.6	19.0	0.0	20.0			
12-05-2026_10:34	12-05-2026_13:00	18.3	0.1	17.6	19.0	0.0	20.0			
12-05-2026_13:05	12-05-2026_14:00	19.5	0.1	18.0	20.0	0.0	20.0			
12-05-2026_13:05	12-05-2026_15:00	19.8	0.0	18.2	20.0	0.0	21.0			
12-05-2026_13:05	12-05-2026_16:00	19.9	0.0	17.8	21.0	0.0	21.0			
12-05-2026_16:21	12-05-2026_17:00	20.0	0.0	17.9	21.0	0.0	20.0			
12-05-2026_16:21	12-05-2026_18:00	19.8	0.0	17.4	20.0	0.0	20.0			
12-05-2026_18:58	12-05-2026_19:00	19.6	0.0	16.8	20.0	0.0	19.0			
12-05-2026_18:58	12-05-2026_20:00	19.0	0.0	15.5	19.0	0.0	18.0			
12-05-2026_20:45	12-05-2026_21:00	18.3	0.0	13.3	19.0	0.0	19.0			
12-05-2026_20:45	12-05-2026_22:00	17.7	0.0	10.8	18.0	0.0	15.0			
12-05-2026_22:14	12-05-2026_23:00				18.0	0.0	13.0			
12-05-2026_22:14	13-05-2026_00:00	17.3	0.0	8.2	17.0	0.0	12.0			
13-05-2026_00:02	13-05-2026_01:00	17.1	0.0	6.8	17.0	0.0	12.0			
13-05-2026_00:02	13-05-2026_02:00	16.8	0.0	5.9	17.0	0.0	12.0			
13-05-2026_00:02	13-05-2026_03:00	16.6	0.0	5.1	16.0	0.0	12.0			
13-05-2026_00:02	13-05-2026_04:00	16.4	0.0	5.1	16.0	0.0	11.0			
13-05-2026_04:49	13-05-2026_05:00	16.0	0.0	3.1	16.0	0.0	12.0			
13-05-2026_04:49	13-05-2026_06:00	15.8	0.0	2.8	16.0	0.0	12.0			
13-05-2026_04:49	13-05-2026_07:00	15.7	0.0	2.5	16.0	0.0	11.0			
13-05-2026_07:51	13-05-2026_08:00	15.6	0.0	2.4	16.0	0.0	12.0			
13-05-2026_07:51	13-05-2026_09:00	16.6	0.0	2.7	17.0	0.0	14.0			
13-05-2026_07:51	13-05-2026_10:00	17.7	0.0	7.2	18.0	0.0	17.0			
13-05-2026_10:31	13-05-2026_11:00	18.7	0.0	10.8	19.0	0.0	13.0			
13-05-2026_10:31	13-05-2026_12:00	19.5	0.0	12.3	19.0	0.0	17.0			
13-05-2026_10:31	13-05-2026_13:00	20.2	0.0	13.5	20.0	0.0	20.0			
13-05-2026_13:13	13-05-2026_14:00	20.7	0.0	16.2	20.0	0.0	21.0			
13-05-2026_13:13	13-05-2026_15:00	20.8	0.0	17.3	20.0	0.0	20.0			
13-05-2026_13:13	13-05-2026_16:00	20.9	0.0	18.0	20.0	0.0	22.0			
13-05-2026_16:21	13-05-2026_17:00	20.3	0.0	18.8	20.0	0.0	24.0			
13-05-2026_16:21	13-05-2026_18:00	19.8	0.0	18.0	20.0	0.0	24.0			
13-05-2026_18:57	13-05-2026_19:00	19.4	0.0	17.0	19.0	0.0	23.0			
13-05-2026_18:57	13-05-2026_20:00	18.7	0.0	15.0	19.0	0.0	22.0			
13-05-2026_20:49	13-05-2026_21:00	17.9	0.0	13.4	18.0	0.0	20.0			
13-05-2026_20:49	13-05-2026_22:00	17.3	0.0	12.6	18.0	0.0	18.0			
13-05-2026_22:15	13-05-2026_23:00				17.0	0.0	16.0			
13-05-2026_22:15	14-05-2026_00:00	17.0	0.0	9.9	17.0	0.0	14.0			
14-05-2026_00:03	14-05-2026_01:00	16.7	0.0	6.6	17.0	0.0	11.0			
14-05-2026_00:03	14-05-2026_02:00	16.4	0.0	4.3	16.0	0.0	9.0			
14-05-2026_00:03	14-05-2026_03:00	15.9	0.0	3.2	16.0	0.0	9.0			
14-05-2026_00:03	14-05-2026_04:00	15.3	0.0	3.3	16.0	0.0	14.0			
14-05-2026_04:46	14-05-2026_05:00	14.6	0.0	3.1	16.0	0.0	13.0			
14-05-2026_04:46	14-05-2026_06:00	14.3	0.0	2.5	15.0	0.0	6.0			
14-05-2026_04:46	14-05-2026_07:00	14.4	0.0	3.1	15.0	0.0	2.0			
14-05-2026_07:44	14-05-2026_08:00	14.4	0.0	3.2	15.0	0.0	4.0			
14-05-2026_07:44	14-05-2026_09:00	15.4	0.0	3.1	16.0	0.0	7.0			
14-05-2026_07:44	14-05-2026_10:00	17.1	0.0	4.0	18.0	0.0	8.0			
14-05-2026_10:22	14-05-2026_11:00	18.5	0.0	7.1	19.0	0.0	9.0			
14-05-2026_10:22	14-05-2026_12:00	19.7	0.0	8.9	20.0	0.0	12.0			
14-05-2026_12:27	14-05-2026_13:00	20.8	0.0	13.6	21.0	0.0	19.0			
14-05-2026_12:27	14-05-2026_14:00	21.1	0.0	17.3	21.0	0.0	26.0			
14-05-2026_12:27	14-05-2026_15:00	21.2	0.0	20.3	21.0	0.0	29.0			
14-05-2026_15:22	14-05-2026_16:00	21.4	0.0	21.3	21.0	0.0	30.0			
14-05-2026_15:22	14-05-2026_17:00	21.3	0.0	23.1	21.0	0.0	30.0			
14-05-2026_17:54	14-05-2026_18:00	21.0	0.0	23.7	20.0	0.0	30.0			
14-05-2026_17:54	14-05-2026_19:00	20.5	0.0	23.6	20.0	0.0	31.0			
14-05-2026_19:53	14-05-2026_20:00	19.4	0.0	21.6	19.0	0.0	35.0			
14-05-2026_19:53	14-05-2026_21:00	18.5	0.0	19.5	19.0	0.0	33.0			
14-05-2026_21:13	14-05-2026_22:00	18.1	0.0	18.4	18.0	0.0	25.0			
14-05-2026_22:59	14-05-2026_23:00				18.0	0.0	22.0			
14-05-2026_22:59	15-05-2026_00:00	17.9	0.0	16.8	18.0	0.0	19.0			
15-05-2026_00:05	15-05-2026_01:00	17.6	0.0	16.5	17.0	0.0	20.0			
15-05-2026_00:05	15-05-2026_02:00	17.4	0.0	16.9	17.0	0.0	22.0			
15-05-2026_00:05	15-05-2026_03:00	17.4	0.0	16.1	17.0	0.0	20.0			
15-05-2026_00:05	15-05-2026_04:00	17.6	0.0	13.1	17.0	0.0	19.0			
15-05-2026_04:53	15-05-2026_05:00	17.5	0.0	9.4	17.0	0.0	17.0			
15-05-2026_04:53	15-05-2026_06:00	17.1	0.0	7.6	16.0	0.0	16.0			
15-05-2026_04:53	15-05-2026_07:00	16.6	0.0	8.0	16.0	0.0	17.0			
15-05-2026_04:53	15-05-2026_08:00	16.4	0.0	9.7	16.0	0.0	22.0			
15-05-2026_04:53	15-05-2026_09:00	16.5	0.0	12.0	15.0	0.0	23.0			
15-05-2026_04:53	15-05-2026_10:00	16.9	0.0	13.1	16.0	0.0	23.0			
15-05-2026_10:27	15-05-2026_11:00	17.0	0.0	16.7	17.0	0.0	19.0			
15-05-2026_10:27	15-05-2026_12:00	17.7	0.0	17.3	18.0	0.0	18.0			
15-05-2026_12:56	15-05-2026_13:00	18.5	0.0	17.0	18.0	0.0	19.0			
15-05-2026_12:56	15-05-2026_14:00	19.0	0.0	18.4	18.0	0.0	21.0			
15-05-2026_12:56	15-05-2026_15:00	19.3	0.0	19.1	19.0	0.0	20.0			
15-05-2026_15:20	15-05-2026_16:00	19.4	0.0	19.7	19.0	0.0	21.0			
15-05-2026_15:20	15-05-2026_17:00	19.5	0.0	20.1	19.0	0.0	23.0			
15-05-2026_17:42	15-05-2026_18:00	19.3	0.0	19.4	19.0	0.0	27.0			
15-05-2026_17:42	15-05-2026_19:00	19.0	0.0	20.1	19.0	0.0	29.0			
15-05-2026_19:42	15-05-2026_20:00	18.6	0.0	19.1	19.0	0.0	27.0			
15-05-2026_19:42	15-05-2026_21:00	18.3	0.0	14.4	19.0	0.0	21.0			
15-05-2026_21:05	15-05-2026_22:00	17.9	0.0	11.2	19.0	0.0	13.0			
15-05-2026_22:57	15-05-2026_23:00				18.0	0.0	10.0			
15-05-2026_22:57	16-05-2026_00:00	17.9	0.0	6.1	18.0	0.0	13.0			
16-05-2026_00:00	16-05-2026_01:00	17.6	0.0	7.4	17.0	0.0	13.0			
16-05-2026_00:00	16-05-2026_02:00	17.3	0.0	7.9	17.0	0.0	5.0			
16-05-2026_00:00	16-05-2026_03:00	16.9	0.0	6.9	17.0	0.0	9.0			
16-05-2026_00:00	16-05-2026_04:00	16.5	0.0	4.2	16.0	0.0	8.0			
16-05-2026_04:30	16-05-2026_05:00	16.3	0.0	6.2	16.0	0.0	9.0			
16-05-2026_04:30	16-05-2026_06:00	16.3	0.0	6.3	15.0	0.0	12.0			
16-05-2026_04:30	16-05-2026_07:00	16.6	0.0	10.3	16.0	0.0	14.0			
16-05-2026_07:16	16-05-2026_08:00	16.4	0.0	13.1	16.0	0.1	12.0			
16-05-2026_07:16	16-05-2026_09:00	17.1	0.0	13.3	17.0	0.1	11.0			
16-05-2026_09:42	16-05-2026_10:00	18.1	0.0	14.9	18.0	0.1	13.0			
16-05-2026_09:42	16-05-2026_11:00	19.2	0.0	13.3	19.0	0.1	14.0			
16-05-2026_11:04	16-05-2026_12:00	20.1	0.0	13.3	19.0	0.1	19.0			
16-05-2026_11:04	16-05-2026_13:00	20.6	0.0	14.7	20.0	0.1	20.0			
16-05-2026_13:38	16-05-2026_14:00	21.2	0.0	16.0	20.0	0.0	19.0			
16-05-2026_14:59	16-05-2026_15:00	21.4	0.0	16.0	20.0	0.0	19.0			
16-05-2026_14:59	16-05-2026_16:00	21.3	0.0	13.6	21.0	0.0	19.0			
16-05-2026_16:04	16-05-2026_17:00	21.2	0.0	11.8	21.0	0.0	16.0			
16-05-2026_17:57	16-05-2026_18:00	21.1	0.0	10.9	21.0	0.0	15.0			
16-05-2026_17:57	16-05-2026_19:00	20.7	0.0	10.2	19.0	0.0	13.0			
16-05-2026_19:18	16-05-2026_20:00	20.3	0.0	10.2	20.0	0.0	12.0			
16-05-2026_20:53	16-05-2026_21:00	19.4	0.0	10.0	19.0	0.0	10.0			
16-05-2026_21:53	16-05-2026_22:00	18.7	0.0	10.4	19.0	0.0	9.0			
16-05-2026_22:50	16-05-2026_23:00				18.0	0.0	12.0			
16-05-2026_23:56	17-05-2026_00:00	18.5	0.0	4.1	18.0	0.0	7.0			
16-05-2026_23:56	17-05-2026_01:00	18.2	0.0	4.1	18.0	0.0	7.0			
16-05-2026_23:56	17-05-2026_02:00	17.8	0.0	3.6	17.0	0.0	8.0			
16-05-2026_23:56	17-05-2026_03:00	17.5	0.0	3.1	17.0	0.0	8.0			
17-05-2026_03:59	17-05-2026_04:00	17.1	0.0	3.8	17.0	0.0	10.0			
17-05-2026_03:59	17-05-2026_05:00	16.3	0.0	2.5	17.0	0.0	10.0			
17-05-2026_03:59	17-05-2026_06:00	16.3	0.0	4.4	17.0	0.0	13.0			
17-05-2026_06:50	17-05-2026_07:00	15.8	0.0	6.5	16.0	0.0	16.0			
17-05-2026_06:50	17-05-2026_08:00	15.9	0.0	6.5	16.0	0.0	13.0			
17-05-2026_06:50	17-05-2026_09:00	16.5	0.0	5.7	17.0	0.0	10.0			
17-05-2026_09:08	17-05-2026_10:00	17.7	0.0	9.2	18.0	0.0	10.0			
17-05-2026_09:08	17-05-2026_11:00	18.7	0.0	10.1	18.0	0.0	7.0			
17-05-2026_11:10	17-05-2026_12:00	19.2	0.0	12.4	19.0	0.0	17.0			
17-05-2026_11:10	17-05-2026_13:00	19.5	0.0	15.6	19.0	0.0	18.0			
17-05-2026_13:27	17-05-2026_14:00	20.2	0.0	17.5	20.0	0.0	18.0			
17-05-2026_14:59	17-05-2026_15:00	20.4	0.0	18.7	20.0	0.0	18.0			
17-05-2026_14:59	17-05-2026_16:00	20.4	0.0	19.7	20.0	0.0	21.0			
17-05-2026_16:05	17-05-2026_17:00	20.1	0.0	20.9	20.0	0.0	19.0			
17-05-2026_16:05	17-05-2026_18:00	19.9	0.0	18.9	21.0	0.0	19.0			
17-05-2026_18:00	17-05-2026_19:00	18.8	0.0	17.7	19.0	0.0	22.0			
17-05-2026_19:22	17-05-2026_20:00	18.3	0.0	17.0	19.0	0.0	21.0			
17-05-2026_20:57	17-05-2026_21:00	18.0	0.0	14.1	19.0	0.0	18.0			
17-05-2026_20:57	17-05-2026_22:00	17.6	0.0	11.2	17.0	0.0	16.0			
17-05-2026_22:00	17-05-2026_23:00				17.0	0.0	14.0			
17-05-2026_23:59	18-05-2026_00:00	17.5	0.0	5.0	17.0	0.0	15.0			
17-05-2026_23:59	18-05-2026_01:00	17.4	0.0	4.0	17.0	0.0	17.0			
17-05-2026_23:59	18-05-2026_02:00	17.5	0.0	2.8	17.0	0.0	20.0			
17-05-2026_23:59	18-05-2026_03:00	17.0	0.0	6.7	17.0	0.0	17.0			
17-05-2026_23:59	18-05-2026_04:00	16.7	0.0	5.9	16.0	0.0	13.0			
18-05-2026_04:25	18-05-2026_05:00	15.9	0.0	5.0	16.0	0.0	11.0			
18-05-2026_04:25	18-05-2026_06:00	15.1	0.0	3.3	16.0	0.0	9.0			
18-05-2026_04:25	18-05-2026_07:00	14.4	0.0	2.6	16.0	0.0	7.0			
18-05-2026_04:25	18-05-2026_08:00	14.2	0.0	2.3	16.0	0.0	5.0			
18-05-2026_08:46	18-05-2026_09:00	16.3	0.0	0.8	17.0	0.0	3.0			
18-05-2026_08:46	18-05-2026_10:00	18.0	0.0	9.6	17.0	0.0	11.0			
18-05-2026_08:46	18-05-2026_11:00	18.6	0.0	11.4	18.0	0.0	15.0			
18-05-2026_08:46	18-05-2026_12:00	19.1	0.0	12.4	18.0	0.0	15.0			
18-05-2026_12:35	18-05-2026_13:00	20.1	0.0	12.9	19.0	0.0	16.0			
18-05-2026_12:35	18-05-2026_14:00	20.4	0.0	14.4	19.0	0.0	16.0			
18-05-2026_12:35	18-05-2026_15:00	20.6	0.0	15.2	19.0	0.0	15.0			
18-05-2026_12:35	18-05-2026_16:00	20.6	0.0	16.3	20.0	0.0	16.0			
18-05-2026_16:26	18-05-2026_17:00	20.4	0.0	16.6	20.0	0.0	17.0			
18-05-2026_16:26	18-05-2026_18:00	20.2	0.0	16.1	20.0	0.0	16.0			
18-05-2026_18:53	18-05-2026_19:00	19.6	0.0	16.1	18.0	0.0	16.0			
18-05-2026_18:53	18-05-2026_20:00	19.0	0.0	14.6	19.0	0.0	17.0			
18-05-2026_20:26	18-05-2026_21:00	18.2	0.0	10.1	19.0	0.0	16.0			
18-05-2026_20:26	18-05-2026_22:00	17.5	0.0	8.2	18.0	0.0	14.0			
18-05-2026_22:05	18-05-2026_23:00				17.0	0.0	11.0			
18-05-2026_22:05	19-05-2026_00:00	16.8	0.0	2.9	17.0	0.0	6.0			
19-05-2026_00:11	19-05-2026_01:00	16.5	0.0	0.8	17.0	0.0	5.0			
19-05-2026_00:11	19-05-2026_02:00	15.9	0.0	1.6	16.0	0.0	3.0			
19-05-2026_00:11	19-05-2026_03:00	15.4	0.0	1.8	16.0	0.0	5.0			
19-05-2026_00:11	19-05-2026_04:00	14.4	0.0	3.8	16.0	0.0	4.0			
19-05-2026_00:11	19-05-2026_05:00	13.2	0.0	4.2	16.0	0.0	6.0			
19-05-2026_05:03	19-05-2026_06:00	12.3	0.0	4.2	16.0	0.0	5.0			
19-05-2026_05:03	19-05-2026_07:00	12.2	0.0	3.8	15.0	0.0	5.0			
19-05-2026_05:03	19-05-2026_08:00	12.2	0.0	4.0	15.0	0.0	3.0			
19-05-2026_05:03	19-05-2026_09:00	14.1	0.0	3.3	17.0	0.0	2.0			
19-05-2026_09:51	19-05-2026_10:00	17.6	0.0	2.9	17.0	0.0	7.0			
19-05-2026_09:51	19-05-2026_11:00	19.7	0.0	1.6	19.0	0.0	9.0			
19-05-2026_09:51	19-05-2026_12:00	21.4	0.0	3.0	21.0	0.0	9.0			
19-05-2026_12:42	19-05-2026_13:00	22.8	0.0	8.3	22.0	0.0	11.0			
19-05-2026_12:42	19-05-2026_14:00	22.6	0.0	12.3	22.0	0.0	13.0			
19-05-2026_12:42	19-05-2026_15:00	22.8	0.0	14.1	21.0	0.0	22.0			
19-05-2026_12:42	19-05-2026_16:00	22.7	0.0	15.8	23.0	0.0	26.0			
19-05-2026_16:23	19-05-2026_17:00	22.5	0.0	16.3	22.0	0.0	25.0			
19-05-2026_16:23	19-05-2026_18:00	22.4	0.0	15.8	23.0	0.0	20.0			
19-05-2026_16:23	19-05-2026_19:00	22.2	0.0	14.0	21.0	0.0	18.0			
19-05-2026_19:03	19-05-2026_20:00	21.6	0.0	12.3	21.0	0.0	19.0			
19-05-2026_19:03	19-05-2026_21:00	20.8	0.0	10.2	20.0	0.0	16.0			
19-05-2026_21:22	19-05-2026_22:00	19.8	0.0	6.4	20.0	0.0	10.0			
19-05-2026_21:22	19-05-2026_23:00	19.0	0.0	3.1	19.0	0.0	6.0			
19-05-2026_23:05	20-05-2026_00:00	18.5	0.0	2.4	18.0	0.0	7.0			
19-05-2026_23:05	20-05-2026_01:00	18.1	0.0	2.9	18.0	0.0	3.0			
19-05-2026_23:05	20-05-2026_02:00	17.4	0.0	4.0	18.0	0.0	6.0			
19-05-2026_23:05	20-05-2026_03:00	16.9	0.0	3.9	18.0	0.0	6.0			
20-05-2026_03:52	20-05-2026_04:00	15.7	0.0	3.9	17.0	0.0	3.0			
20-05-2026_03:52	20-05-2026_05:00	14.8	0.0	3.6	16.0	0.0	5.0			
20-05-2026_03:52	20-05-2026_06:00	14.5	0.0	3.3	16.0	0.0	7.0			
20-05-2026_03:52	20-05-2026_07:00	14.3	0.0	4.0	17.0	0.0	7.0			
20-05-2026_07:49	20-05-2026_08:00	14.7	0.0	4.0	17.0	0.0	8.0			
20-05-2026_07:49	20-05-2026_09:00	17.3	0.0	4.0	19.0	0.0	12.0			
20-05-2026_07:49	20-05-2026_10:00	21.4	0.0	6.5	22.0	0.0	16.0			
20-05-2026_10:54	20-05-2026_11:00	24.3	0.0	13.0	24.0	0.0	17.0			
20-05-2026_10:54	20-05-2026_12:00	26.2	0.0	17.7	25.0	0.0	18.0			
20-05-2026_10:54	20-05-2026_13:00	27.7	0.0	20.8	26.0	0.0	14.0			
20-05-2026_13:42	20-05-2026_14:00	29.3	0.0	23.7	27.0	0.0	7.0			
20-05-2026_13:42	20-05-2026_15:00	30.0	0.0	24.9	27.0	0.0	24.0			
20-05-2026_13:42	20-05-2026_16:00	30.3	0.0	26.6	28.0	0.0	26.0			
20-05-2026_16:54	20-05-2026_17:00	29.8	0.0	25.0	28.0	0.0	28.0			
20-05-2026_16:54	20-05-2026_18:00	29.1	0.0	25.6	27.0	0.0	28.0			
20-05-2026_16:54	20-05-2026_19:00	28.0	0.0	24.8	26.0	0.0	29.0			
20-05-2026_19:27	20-05-2026_20:00	26.5	0.0	24.3	25.0	0.0	27.0			
20-05-2026_19:27	20-05-2026_21:00	24.7	0.0	22.7	24.0	0.0	27.0			
20-05-2026_21:58	20-05-2026_22:00	23.0	0.0	22.4	23.0	0.0	20.0			
20-05-2026_21:58	20-05-2026_23:00	22.3	0.0	23.4	22.0	0.0	23.0			
20-05-2026_23:21	21-05-2026_00:00	22.1	0.0	22.7	22.0	0.0	28.0			
20-05-2026_23:21	21-05-2026_01:00	21.8	0.0	22.5	21.0	0.0	27.0			
20-05-2026_23:21	21-05-2026_02:00	21.6	0.0	21.5	21.0	0.0	29.0			
20-05-2026_23:21	21-05-2026_03:00	21.4	0.0	20.5	21.0	0.0	30.0			
20-05-2026_23:21	21-05-2026_04:00	21.1	0.0	18.0	20.0	0.0	32.0			
21-05-2026_04:01	21-05-2026_05:00	20.6	0.0	16.6	20.0	0.0	30.0			
21-05-2026_04:01	21-05-2026_06:00	20.3	0.0	14.5	19.0	0.0	20.0			
21-05-2026_04:01	21-05-2026_07:00	19.8	0.0	11.7	20.0	0.0	18.0			
21-05-2026_04:01	21-05-2026_08:00	19.6	0.0	11.2	20.0	0.0	31.0			
21-05-2026_08:33	21-05-2026_09:00	21.4	0.0	17.0	22.0	0.0	36.0			
21-05-2026_08:33	21-05-2026_10:00	23.4	0.0	23.5	23.0	0.0	39.0			
21-05-2026_08:33	21-05-2026_11:00	25.3	0.0	29.4	25.0	0.0	38.0			
21-05-2026_08:33	21-05-2026_12:00	26.8	0.0	29.5	26.0	0.0	40.0			
21-05-2026_12:16	21-05-2026_13:00	28.4	0.0	34.3	27.0	0.0	40.0			
21-05-2026_12:16	21-05-2026_14:00	29.1	0.0	34.1	28.0	0.0	39.0			
21-05-2026_12:16	21-05-2026_15:00	29.5	0.0	34.0	28.0	0.0	39.0			
21-05-2026_12:16	21-05-2026_16:00	29.6	0.0	33.3	29.0	0.0	37.0			
21-05-2026_16:16	21-05-2026_17:00	29.3	0.0	31.2	29.0	0.0	36.0			
21-05-2026_16:16	21-05-2026_18:00	28.7	0.0	30.3	28.0	0.0	36.0			
21-05-2026_18:58	21-05-2026_19:00	27.2	0.0	28.0	27.0	0.0	36.0			
21-05-2026_18:58	21-05-2026_20:00	25.7	0.0	27.9	25.0	0.0	36.0			
21-05-2026_20:53	21-05-2026_21:00	23.8	0.0	26.9	24.0	0.0	34.0			
21-05-2026_20:53	21-05-2026_22:00	22.4	0.0	26.2	23.0	0.0	34.0			
21-05-2026_22:21	21-05-2026_23:00				22.0	0.0	35.0			
21-05-2026_22:21	22-05-2026_00:00	21.8	0.0	21.7	22.0	0.0	33.0			
22-05-2026_00:05	22-05-2026_01:00	21.4	0.0	19.8	21.0	0.0	28.0			
22-05-2026_00:05	22-05-2026_02:00	21.6	0.0	22.7	21.0	0.0	30.0			
22-05-2026_00:05	22-05-2026_03:00	21.5	0.0	23.1	21.0	0.0	35.0			
22-05-2026_00:05	22-05-2026_04:00	21.5	0.0	22.7	21.0	0.0	34.0			
22-05-2026_00:05	22-05-2026_05:00	21.6	0.0	22.3	21.0	0.0	34.0			
22-05-2026_05:03	22-05-2026_06:00	21.4	0.0	21.6	21.0	0.0	29.0			
22-05-2026_05:03	22-05-2026_07:00	21.4	0.0	20.5	21.0	0.0	27.0			
22-05-2026_05:03	22-05-2026_08:00	21.4	0.0	20.2	21.0	0.0	29.0			
22-05-2026_05:03	22-05-2026_09:00	22.4	0.0	22.4	22.0	0.0	38.0			
22-05-2026_09:32	22-05-2026_10:00	23.9	0.0	26.5	24.0	0.0	44.0			
22-05-2026_09:32	22-05-2026_11:00	25.5	0.0	28.7	25.0	0.0	42.0			
22-05-2026_09:32	22-05-2026_12:00	27.0	0.0	33.1	26.0	0.0	36.0			
22-05-2026_12:22	22-05-2026_13:00	28.8	0.0	33.1	27.0	0.0	36.0			
22-05-2026_12:22	22-05-2026_14:00	29.5	0.0	33.9	29.0	0.0	41.0			
22-05-2026_12:22	22-05-2026_15:00	30.0	0.0	35.8	29.0	0.0	44.0			
22-05-2026_15:50	22-05-2026_16:00	29.6	0.0	36.9	30.0	0.0	43.0			
22-05-2026_15:50	22-05-2026_17:00	29.5	0.0	36.3	30.0	0.0	42.0			
22-05-2026_17:55	22-05-2026_18:00	28.7	0.0	34.2	29.0	0.0	40.0			
22-05-2026_17:55	22-05-2026_19:00	27.7	0.0	32.5	27.0	0.0	38.0			
22-05-2026_19:51	22-05-2026_20:00	26.4	0.0	29.8	26.0	0.0	38.0			
22-05-2026_19:51	22-05-2026_21:00	24.5	0.0	29.1	25.0	0.0	36.0			
22-05-2026_21:14	22-05-2026_22:00	23.4	0.0	28.2	24.0	0.0	33.0			
22-05-2026_21:14	22-05-2026_23:00	23.0	0.0	28.9	22.0	0.0	35.0			
22-05-2026_23:03	23-05-2026_00:00	23.1	0.0	27.8	22.0	0.0	36.0			
22-05-2026_23:03	23-05-2026_01:00	23.0	0.0	29.5	22.0	0.0	39.0			
22-05-2026_23:03	23-05-2026_02:00	22.8	0.0	30.6	22.0	0.0	38.0			
22-05-2026_23:03	23-05-2026_03:00	22.7	0.0	29.2	22.0	0.0	38.0			
23-05-2026_03:33	23-05-2026_04:00	22.3	0.0	27.6	21.0	0.0	40.0			
23-05-2026_03:33	23-05-2026_05:00	22.4	0.0	27.9	21.0	0.0	41.0			
23-05-2026_03:33	23-05-2026_06:00	22.1	0.0	24.3	21.0	0.0	39.0			
23-05-2026_06:35	23-05-2026_07:00	21.7	0.0	28.2	21.0	0.0	38.0			
23-05-2026_06:35	23-05-2026_08:00	21.9	0.0	24.7	21.0	0.0	37.0			
23-05-2026_06:35	23-05-2026_09:00	22.4	0.0	18.8	22.0	0.0	38.0			
23-05-2026_09:03	23-05-2026_10:00	23.6	0.0	24.4	24.0	0.0	39.0			
23-05-2026_09:03	23-05-2026_11:00	24.8	0.0	31.3	25.0	0.0	39.0			
23-05-2026_11:14	23-05-2026_12:00	26.7	0.0	29.4	26.0	0.0	40.0			
23-05-2026_11:14	23-05-2026_13:00	27.8	0.0	30.4	28.0	0.0	41.0			
23-05-2026_13:42	23-05-2026_14:00	29.5	0.0	33.4	29.0	0.0	39.0			
23-05-2026_13:42	23-05-2026_15:00	30.1	0.0	33.8	30.0	0.0	34.0			
23-05-2026_13:42	23-05-2026_16:00	30.2	0.0	35.3	31.0	0.0	32.0			
23-05-2026_13:42	23-05-2026_17:00	30.0	0.0	34.1	30.0	0.0	31.0			
23-05-2026_17:03	23-05-2026_18:00	29.1	0.0	32.2	29.0	0.0	34.0			
23-05-2026_17:03	23-05-2026_19:00	28.0	0.0	31.9	27.0	0.0	34.0			
23-05-2026_19:15	23-05-2026_20:00	26.4	0.0	30.4	26.0	0.0	36.0			
23-05-2026_20:56	23-05-2026_21:00	24.5	0.0	29.5	25.0	0.0	36.0			
23-05-2026_21:59	23-05-2026_22:00	22.9	0.0	27.9	24.0	0.0	35.0			
23-05-2026_21:59	23-05-2026_23:00	22.5	0.0	26.3	23.0	0.0	36.0			
23-05-2026_23:02	24-05-2026_00:00	22.4	0.0	25.7	22.0	0.0	36.0			
23-05-2026_23:02	24-05-2026_01:00	22.4	0.0	26.0	22.0	0.0	36.0			
23-05-2026_23:02	24-05-2026_02:00	22.6	0.0	25.6	22.0	0.0	40.0			
23-05-2026_23:02	24-05-2026_03:00	22.7	0.0	26.6	22.0	0.0	42.0			
24-05-2026_03:55	24-05-2026_04:00	22.7	0.0	29.1	22.0	0.0	42.0			
24-05-2026_03:55	24-05-2026_05:00	22.8	0.0	29.8	22.0	0.0	41.0			
24-05-2026_03:55	24-05-2026_06:00	22.6	0.0	30.1	22.0	0.0	40.0			
24-05-2026_03:55	24-05-2026_07:00	22.3	0.0	28.7	21.0	0.0	39.0			
24-05-2026_07:24	24-05-2026_08:00	22.4	0.0	31.1	21.0	0.0	44.0			
24-05-2026_07:24	24-05-2026_09:00	22.7	0.0	32.2	22.0	0.0	45.0			
24-05-2026_09:57	24-05-2026_10:00	23.9	0.0	38.2	24.0	0.0	49.0			
24-05-2026_09:57	24-05-2026_11:00	25.3	0.0	39.5	25.0	0.0	48.0			
24-05-2026_11:22	24-05-2026_12:00	26.5	0.0	40.6	26.0	0.0	48.0			
24-05-2026_11:22	24-05-2026_13:00	27.4	0.0	41.5	27.0	0.0	48.0			
24-05-2026_13:41	24-05-2026_14:00	28.2	0.0	41.2	28.0	0.0	49.0			
24-05-2026_13:41	24-05-2026_15:00	28.7	0.0	41.5	29.0	0.0	49.0			
24-05-2026_15:07	24-05-2026_16:00	29.0	0.0	40.6	29.0	0.0	48.0			
24-05-2026_15:07	24-05-2026_17:00	29.0	0.0	39.8	30.0	0.0	47.0			
24-05-2026_17:05	24-05-2026_18:00	28.4	0.0	35.6	28.0	0.0	46.0			
24-05-2026_17:05	24-05-2026_19:00	27.3	0.0	33.7	27.0	0.0	45.0			
24-05-2026_19:20	24-05-2026_20:00	25.6	0.0	31.2	26.0	0.0	41.0			
24-05-2026_20:59	24-05-2026_21:00	24.0	0.0	29.5	25.0	0.0	38.0			
24-05-2026_20:59	24-05-2026_22:00	22.7	0.0	27.5	24.0	0.0	38.0			
24-05-2026_22:04	24-05-2026_23:00				22.0	0.0	39.0			
24-05-2026_22:04	25-05-2026_00:00	22.2	0.0	28.4	22.0	0.0	40.0			
25-05-2026_00:02	25-05-2026_01:00	22.2	0.0	30.0	22.0	0.0	42.0			
25-05-2026_00:02	25-05-2026_02:00	22.2	0.0	31.7	22.0	0.0	43.0			
25-05-2026_00:02	25-05-2026_03:00	22.3	0.0	33.5	22.0	0.0	44.0			
25-05-2026_00:02	25-05-2026_04:00	22.4	0.0	34.5	22.0	0.0	46.0			
25-05-2026_00:02	25-05-2026_05:00	22.4	0.0	34.9	21.0	0.0	46.0			
25-05-2026_05:22	25-05-2026_06:00	22.4	0.0	35.1	21.0	0.0	43.0			
25-05-2026_05:22	25-05-2026_07:00	22.3	0.0	36.1	21.0	0.0	41.0			
25-05-2026_05:22	25-05-2026_08:00	22.3	0.0	34.0	21.0	0.0	41.0			
25-05-2026_05:22	25-05-2026_09:00	22.8	0.0	32.3	22.0	0.0	42.0			
25-05-2026_05:22	25-05-2026_10:00	24.0	0.0	33.7	24.0	0.0	43.0			
25-05-2026_10:14	25-05-2026_11:00	25.8	0.0	37.0	25.0	0.0	45.0			
25-05-2026_10:14	25-05-2026_12:00	27.1	0.0	37.8	26.0	0.0	47.0			
25-05-2026_10:14	25-05-2026_13:00	28.1	0.0	38.5	28.0	0.0	48.0			
25-05-2026_10:14	25-05-2026_14:00	28.9	0.0	37.7	29.0	0.0	46.0			
25-05-2026_14:10	25-05-2026_15:00	29.5	0.0	37.5	29.0	0.0	44.0			
25-05-2026_14:10	25-05-2026_16:00	29.8	0.0	36.9	30.0	0.0	43.0			
25-05-2026_14:10	25-05-2026_17:00	29.7	0.0	36.1	30.0	0.0	43.0			
25-05-2026_17:08	25-05-2026_18:00	29.0	0.0	33.2	29.0	0.0	42.0			
25-05-2026_17:08	25-05-2026_19:00	27.8	0.0	30.9	27.0	0.0	41.0			
25-05-2026_19:45	25-05-2026_20:00	26.1	0.0	30.1	26.0	0.0	41.0			
25-05-2026_19:45	25-05-2026_21:00	24.4	0.0	28.8	25.0	0.0	40.0			
25-05-2026_21:12	25-05-2026_22:00	23.1	0.0	26.9	23.0	0.0	39.0			
25-05-2026_21:12	25-05-2026_23:00	22.5	0.0	27.1	22.0	0.0	36.0			
25-05-2026_23:07	26-05-2026_00:00	22.3	0.0	26.0	22.0	0.0	33.0			
25-05-2026_23:07	26-05-2026_01:00	22.2	0.0	27.4	22.0	0.0	34.0			
25-05-2026_23:07	26-05-2026_02:00	22.2	0.0	28.4	22.0	0.0	37.0			
25-05-2026_23:07	26-05-2026_03:00	22.2	0.0	27.8	22.0	0.0	36.0			
26-05-2026_03:52	26-05-2026_04:00	22.3	0.0	27.4	22.0	0.0	36.0			
26-05-2026_03:52	26-05-2026_05:00	22.5	0.0	28.6	22.0	0.0	37.0			
26-05-2026_03:52	26-05-2026_06:00	22.4	0.0	26.9	21.0	0.0	37.0			
26-05-2026_03:52	26-05-2026_07:00	22.1	0.0	24.5	21.0	0.0	35.0			
26-05-2026_07:53	26-05-2026_08:00	22.0	0.0	21.1	21.0	0.0	33.0			
26-05-2026_07:53	26-05-2026_09:00	22.4	0.0	24.6	22.0	0.0	38.0			
26-05-2026_07:53	26-05-2026_10:00	23.4	0.0	27.9	23.0	0.0	40.0			
26-05-2026_07:53	26-05-2026_11:00	24.6	0.0	29.0	25.0	0.0	38.0			
26-05-2026_07:53	26-05-2026_12:00	26.1	0.0	30.9	26.0	0.0	37.0			
26-05-2026_07:53	26-05-2026_13:00	27.1	0.0	34.8	27.0	0.0	36.0			
26-05-2026_07:53	26-05-2026_14:00	27.9	0.0	35.8	28.0	0.0	36.0			
26-05-2026_07:53	26-05-2026_15:00	28.4	0.0	34.8	29.0	0.0	36.0			
26-05-2026_15:40	26-05-2026_16:00	28.8	0.0	33.0	29.0	0.0	38.0			
26-05-2026_15:40	26-05-2026_17:00	28.7	0.0	32.5	30.0	0.0	36.0			
26-05-2026_15:40	26-05-2026_18:00	28.2	0.0	30.8	28.0	0.0	36.0			
26-05-2026_18:29	26-05-2026_19:00	27.2	0.0	27.4	27.0	0.0	37.0			
26-05-2026_18:29	26-05-2026_20:00	25.8	0.0	25.8	26.0	0.0	37.0			
26-05-2026_20:56	26-05-2026_21:00	24.0	0.0	24.8	25.0	0.0	37.0			
26-05-2026_20:56	26-05-2026_22:00	22.8	0.0	24.1	23.0	0.0	34.0			
26-05-2026_22:23	26-05-2026_23:00				22.0	0.0	34.0			
26-05-2026_22:23	27-05-2026_00:00	22.3	0.0	23.5	22.0	0.0	34.0			
27-05-2026_00:10	27-05-2026_01:00	22.0	0.0	26.3	21.0	0.0	40.0			
27-05-2026_00:10	27-05-2026_02:00	21.9	0.0	28.4	21.0	0.0	41.0			
27-05-2026_00:10	27-05-2026_03:00	21.8	0.0	28.4	21.0	0.0	40.0			
27-05-2026_00:10	27-05-2026_04:00	21.8	0.0	27.8	21.0	0.0	40.0			
27-05-2026_00:10	27-05-2026_05:00	21.8	0.0	27.2	22.0	0.0	40.0			
27-05-2026_05:18	27-05-2026_06:00	21.7	0.0	25.3	21.0	0.0	36.0			
27-05-2026_05:18	27-05-2026_07:00	21.6	0.0	23.1	21.0	0.0	35.0			
27-05-2026_05:18	27-05-2026_08:00	21.5	0.0	22.6	21.0	0.0	35.0			
27-05-2026_05:18	27-05-2026_09:00	22.3	0.0	23.6	22.0	0.0	36.0			
27-05-2026_09:58	27-05-2026_10:00	23.6	0.0	27.3	24.0	0.0	33.0			
27-05-2026_09:58	27-05-2026_11:00	25.0	0.0	27.8	25.0	0.0	33.0			
27-05-2026_09:58	27-05-2026_12:00	26.3	0.0	29.0	26.0	0.0	34.0			
27-05-2026_09:58	27-05-2026_13:00	27.5	0.0	30.3	27.0	0.0	34.0			
27-05-2026_13:37	27-05-2026_14:00	28.5	0.0	30.7	28.0	0.0	36.0			
27-05-2026_13:37	27-05-2026_15:00	29.0	0.0	30.5	29.0	0.0	35.0			
27-05-2026_13:37	27-05-2026_16:00	29.3	0.0	30.9	30.0	0.0	35.0			
27-05-2026_13:37	27-05-2026_17:00	29.3	0.0	30.4	30.0	0.0	35.0			
27-05-2026_17:20	27-05-2026_18:00	28.7	0.0	27.7	29.0	0.0	34.0			
27-05-2026_17:20	27-05-2026_19:00	27.7	0.0	26.0	28.0	0.0	35.0			
27-05-2026_17:20	27-05-2026_20:00	26.2	0.0	24.2	26.0	0.0	36.0			
27-05-2026_20:21	27-05-2026_21:00	24.1	0.0	24.0	25.0	0.0	33.0			
27-05-2026_20:21	27-05-2026_22:00	22.9	0.0	21.6	24.0	0.0	28.0			
27-05-2026_22:42	27-05-2026_23:00				22.0	0.0	29.0			
27-05-2026_22:42	28-05-2026_00:00	22.2	0.0	21.1	22.0	0.0	32.0			
28-05-2026_00:01	28-05-2026_01:00	22.3	0.0	20.1	22.0	0.0	34.0			
28-05-2026_00:01	28-05-2026_02:00	22.4	0.0	17.9	22.0	0.0	35.0			
28-05-2026_00:01	28-05-2026_03:00	22.3	0.0	13.3	22.0	0.0	32.0			
28-05-2026_00:01	28-05-2026_04:00	21.8	0.0	9.4	22.0	0.0	24.0			
28-05-2026_00:01	28-05-2026_05:00	20.9	0.0	4.1	22.0	0.0	10.0			
28-05-2026_05:10	28-05-2026_06:00	20.5	0.0	3.7	21.0	0.0	8.0			
28-05-2026_05:10	28-05-2026_07:00	19.9	0.0	4.4	20.0	0.0	7.0			
28-05-2026_05:10	28-05-2026_08:00	19.6	0.0	4.6	21.0	0.0	7.0			
28-05-2026_05:10	28-05-2026_09:00	21.3	0.0	6.4	22.0	0.0	12.0			
28-05-2026_05:10	28-05-2026_10:00	23.5	0.0	11.0	23.0	0.0	16.0			
28-05-2026_10:07	28-05-2026_11:00	25.9	0.0	13.7	24.0	0.0	15.0			
28-05-2026_10:07	28-05-2026_12:00	28.0	0.0	13.5	25.0	0.0	19.0			
28-05-2026_10:07	28-05-2026_13:00	29.1	0.0	12.8	26.0	0.0	21.0			
28-05-2026_10:07	28-05-2026_14:00	29.1	0.0	15.1	27.0	0.0	30.0			
28-05-2026_14:38	28-05-2026_15:00	28.9	0.0	18.2	27.0	0.0	32.0			
28-05-2026_14:38	28-05-2026_16:00	29.1	0.0	18.9	28.0	0.0	29.0			
28-05-2026_14:38	28-05-2026_17:00	28.7	0.0	18.6	28.0	0.0	29.0			
28-05-2026_14:38	28-05-2026_18:00	27.3	0.0	17.2	27.0	0.0	36.0			
28-05-2026_18:13	28-05-2026_19:00	22.9	0.0	15.1	26.0	0.0	25.0			
28-05-2026_18:13	28-05-2026_20:00	21.8	0.0	10.8	24.0	0.0	17.0			
28-05-2026_18:13	28-05-2026_21:00	20.9	0.0	7.6	23.0	0.0	9.0			
28-05-2026_21:09	28-05-2026_22:00	20.1	0.0	5.5	21.0	0.0	3.0			
28-05-2026_21:09	28-05-2026_23:00	19.7	0.0	4.4	20.0	0.0	4.0			
28-05-2026_23:19	29-05-2026_00:00	19.2	0.0	3.5	21.0	0.0	4.0			
28-05-2026_23:19	29-05-2026_01:00	18.8	0.0	3.4	21.0	0.0	2.0			
28-05-2026_23:19	29-05-2026_02:00	18.4	0.0	2.3	20.0	0.0	2.0			
28-05-2026_23:19	29-05-2026_03:00	18.1	0.0	1.6	20.0	0.0	7.0			
29-05-2026_03:56	29-05-2026_04:00	18.8	0.0	2.3	20.0	0.0	7.0			
29-05-2026_03:56	29-05-2026_05:00	18.3	0.0	3.6	19.0	0.0	9.0			
29-05-2026_03:56	29-05-2026_06:00	17.9	0.0	3.3	19.0	0.0	7.0			
29-05-2026_03:56	29-05-2026_07:00	17.6	0.0	3.0	18.0	0.0	4.0			
29-05-2026_03:56	29-05-2026_08:00	17.5	0.0	1.1	18.0	0.0	10.0			
29-05-2026_08:03	29-05-2026_09:00	18.4	0.0	1.1	20.0	0.0	5.0			
29-05-2026_08:03	29-05-2026_10:00	20.8	0.0	0.4	22.0	0.0	6.0			
29-05-2026_08:03	29-05-2026_11:00	23.6	0.0	1.1	24.0	0.0	7.0			
29-05-2026_08:03	29-05-2026_12:00	25.9	0.0	2.6	23.0	0.0	9.0			
29-05-2026_12:17	29-05-2026_13:00	24.4	0.0	11.9	26.0	0.0	9.0			
29-05-2026_12:17	29-05-2026_14:00	24.4	0.0	12.6	25.0	0.0	13.0			
29-05-2026_12:17	29-05-2026_15:00	24.7	0.0	12.8	26.0	0.0	14.0			
29-05-2026_12:17	29-05-2026_16:00	25.3	0.0	12.3	24.0	0.0	13.0			
29-05-2026_16:42	29-05-2026_17:00	25.0	0.0	12.0	25.0	0.0	12.0			
29-05-2026_16:42	29-05-2026_18:00	24.9	0.0	11.5	25.0	0.0	12.0			
29-05-2026_16:42	29-05-2026_19:00	24.5	0.0	10.5	24.0	0.0	10.0			
29-05-2026_19:32	29-05-2026_20:00	24.2	0.0	9.8	24.0	0.0	7.0			
29-05-2026_19:32	29-05-2026_21:00	23.3	0.0	8.4	25.0	0.0	9.0			
29-05-2026_21:53	29-05-2026_22:00	22.2	0.0	5.6	21.0	0.0	8.0			
29-05-2026_21:53	29-05-2026_23:00	21.6	0.0	3.9	22.0	0.0	4.0			
29-05-2026_23:16	30-05-2026_00:00	20.9	0.0	3.6	23.0	0.0	3.0			
29-05-2026_23:16	30-05-2026_01:00	20.3	0.0	3.3	21.0	0.0	6.0			
29-05-2026_23:16	30-05-2026_02:00	20.3	0.0	3.8	21.0	0.0	7.0			
29-05-2026_23:16	30-05-2026_03:00	20.2	0.0	3.7	21.0	0.0	7.0			
30-05-2026_03:41	30-05-2026_04:00	19.4	0.0	2.9	20.0	0.0	7.0			
30-05-2026_03:41	30-05-2026_05:00	18.7	0.0	2.7	20.0	0.0	9.0			
30-05-2026_03:41	30-05-2026_06:00	18.4	0.0	2.4	20.0	0.0	8.0			
30-05-2026_06:48	30-05-2026_07:00	18.2	0.0	1.8	20.0	0.0	4.0			
30-05-2026_06:48	30-05-2026_08:00	18.3	0.0	1.4	20.0	0.0	6.0			
30-05-2026_06:48	30-05-2026_09:00	19.5	0.0	1.1	21.0	0.0	8.0			
30-05-2026_09:20	30-05-2026_10:00	22.1	0.0	5.1	23.0	0.0	8.0			
30-05-2026_09:20	30-05-2026_11:00	23.4	0.0	6.3	24.0	0.0	10.0			
30-05-2026_11:23	30-05-2026_12:00	23.8	0.0	8.6	25.0	0.0	12.0			
30-05-2026_11:23	30-05-2026_13:00	24.4	0.0	10.6	24.0	0.0	14.0			
30-05-2026_13:45	30-05-2026_14:00	24.8	0.0	11.8	24.0	0.0	14.0			
30-05-2026_13:45	30-05-2026_15:00	25.3	0.0	12.3	24.0	0.0	14.0			
30-05-2026_15:10	30-05-2026_16:00	25.9	0.0	12.6	24.0	0.0	13.0			
30-05-2026_15:10	30-05-2026_17:00	26.2	0.0	13.0	24.0	0.0	14.0			
30-05-2026_17:11	30-05-2026_18:00	25.7	0.0	12.7	25.0	0.0	12.0			
30-05-2026_17:11	30-05-2026_19:00	25.4	0.0	11.3	25.0	0.0	8.0			
30-05-2026_19:21	30-05-2026_20:00	24.7	0.0	9.7	25.0	0.0	8.0			
30-05-2026_19:21	30-05-2026_21:00	23.9	0.0	7.9	24.0	0.0	13.0			
30-05-2026_21:01	30-05-2026_22:00	22.9	0.0	4.2	24.0	0.0	8.0			
30-05-2026_21:01	30-05-2026_23:00	22.4	0.0	2.2	22.0	0.0	5.0			
30-05-2026_23:00	31-05-2026_00:00	22.2	0.0	3.0	22.0	0.0	4.0			
31-05-2026_00:11	31-05-2026_01:00	21.6	0.0	3.4	21.0	0.0	10.0			
31-05-2026_00:11	31-05-2026_02:00	21.1	0.0	4.7	21.0	0.0	5.0			
31-05-2026_00:11	31-05-2026_03:00	20.7	0.0	4.3	21.0	0.0	6.0			
31-05-2026_00:11	31-05-2026_04:00	20.3	0.0	3.0	21.0	0.0	10.0			
31-05-2026_00:11	31-05-2026_05:00	19.8	0.0	2.5	21.0	0.0	9.0			
31-05-2026_05:21	31-05-2026_06:00	19.6	0.0	3.4	21.0	0.0	7.0			
31-05-2026_05:21	31-05-2026_07:00	18.4	0.0	3.1	20.0	0.0	4.0			
31-05-2026_05:21	31-05-2026_08:00	18.7	0.0	0.7	21.0	0.0	5.0			
31-05-2026_08:50	31-05-2026_09:00	20.7	0.0	1.8	22.0	0.0	3.0			
31-05-2026_08:50	31-05-2026_10:00	23.3	0.0	3.1	24.0	0.0	3.0			
31-05-2026_08:50	31-05-2026_11:00	25.3	0.0	3.6	25.0	0.0	2.0			
31-05-2026_11:00	31-05-2026_12:00	26.9	0.0	4.7	26.0	0.0	8.0			
31-05-2026_11:00	31-05-2026_13:00	27.9	0.0	7.6	26.0	0.0	9.0			
31-05-2026_13:50	31-05-2026_14:00	27.6	0.0	10.6	27.0	0.0	12.0			
31-05-2026_13:50	31-05-2026_15:00	27.6	0.0	12.6	27.0	0.0	18.0			
31-05-2026_15:18	31-05-2026_16:00	27.6	0.0	13.1	25.0	0.0	18.0			
31-05-2026_15:18	31-05-2026_17:00	27.8	0.0	12.6	25.0	0.0	15.0			
31-05-2026_17:09	31-05-2026_18:00	27.4	0.0	12.1	25.0	0.0	15.0			
31-05-2026_17:09	31-05-2026_19:00	27.2	0.0	11.0	26.0	0.0	12.0			
31-05-2026_19:20	31-05-2026_20:00	27.0	0.0	8.1	26.0	0.0	9.0			
31-05-2026_19:20	31-05-2026_21:00	26.2	0.0	6.1	26.0	0.0	9.0			
31-05-2026_21:02	31-05-2026_22:00	24.9	0.0	4.8	24.0	0.0	6.0			
31-05-2026_21:02	31-05-2026_23:00	24.0	0.0	3.3	24.0	0.0	3.0			
31-05-2026_23:02	01-06-2026_00:00	23.7	0.0	2.2	23.0	0.0	4.0			
31-05-2026_23:02	01-06-2026_01:00	23.5	0.0	0.8	23.0	0.0	8.0			
31-05-2026_23:02	01-06-2026_02:00	23.1	0.0	1.4	22.0	0.0	8.0			
31-05-2026_23:02	01-06-2026_03:00	22.2	0.0	1.1	22.0	0.0	6.0			
31-05-2026_23:02	01-06-2026_04:00	20.9	0.0	3.7	23.0	0.0	4.0			
01-06-2026_04:22	01-06-2026_05:00	20.7	0.0	3.0	23.0	0.0	2.0			
01-06-2026_04:22	01-06-2026_06:00	21.1	0.0	1.8	22.0	0.0	4.0			
01-06-2026_04:22	01-06-2026_07:00	21.3	0.0	0.4	22.0	0.0	3.0			
01-06-2026_04:22	01-06-2026_08:00	21.6	0.0	2.5	22.0	0.0	4.0			
01-06-2026_04:22	01-06-2026_09:00	22.5	0.0	2.9	21.0	0.0	7.0			
01-06-2026_04:22	01-06-2026_10:00	24.0	0.0	4.0	25.0	0.0	8.0			
01-06-2026_10:22	01-06-2026_11:00	25.7	0.0	8.0	25.0	0.0	7.0			
01-06-2026_10:22	01-06-2026_12:00	26.3	0.0	10.7	26.0	0.0	10.0			
01-06-2026_10:22	01-06-2026_13:00	26.4	0.0	12.6	26.0	0.0	12.0			
01-06-2026_10:22	01-06-2026_14:00	26.7	0.0	13.3	26.0	0.0	15.0			
01-06-2026_10:22	01-06-2026_15:00	27.0	0.0	13.6	27.0	0.0	13.0			
01-06-2026_10:22	01-06-2026_16:00	27.3	0.0	13.7	26.0	0.0	14.0			
01-06-2026_16:39	01-06-2026_17:00	27.3	0.0	13.8	26.0	0.0	16.0			
01-06-2026_16:39	01-06-2026_18:00	26.8	0.0	13.6	26.0	0.0	12.0			
01-06-2026_16:39	01-06-2026_19:00	25.8	0.0	12.3	26.0	0.0	10.0			
01-06-2026_16:39	01-06-2026_20:00	24.6	0.0	10.8	25.0	0.0	10.0			
01-06-2026_20:56	01-06-2026_21:00	23.4	0.0	8.6	24.0	0.0	8.0			
01-06-2026_20:56	01-06-2026_22:00	22.4	0.0	4.4	23.0	0.0	7.0			
01-06-2026_20:56	01-06-2026_23:00	21.9	0.0	3.3	22.0	0.0	8.0			
01-06-2026_23:04	02-06-2026_00:00	21.6	0.0	3.2	22.0	0.0	7.0			
01-06-2026_23:04	02-06-2026_01:00	21.2	0.0	2.9	22.0	0.0	7.0			
01-06-2026_23:04	02-06-2026_02:00	21.0	0.0	4.7	21.0	0.0	10.0			
01-06-2026_23:04	02-06-2026_03:00	20.5	0.0	6.5	21.0	0.0	11.0			
01-06-2026_23:04	02-06-2026_04:00	20.2	0.0	6.8	21.0	0.0	12.0			
02-06-2026_04:15	02-06-2026_05:00	20.0	0.0	7.3	21.0	0.0	13.0			
02-06-2026_04:15	02-06-2026_06:00	19.7	0.0	7.4	21.0	0.0	12.0			
02-06-2026_04:15	02-06-2026_07:00	19.5	0.0	6.7	20.0	0.0	10.0			
02-06-2026_04:15	02-06-2026_08:00	19.6	0.0	4.0	21.0	0.0	7.0			
02-06-2026_04:15	02-06-2026_09:00	21.0	0.0	7.4	21.0	0.0	2.0			
02-06-2026_09:09	02-06-2026_10:00	21.2	0.0	13.0	22.0	0.0	11.0			
02-06-2026_09:09	02-06-2026_11:00	21.8	0.0	14.3	23.0	0.0	21.0			
02-06-2026_09:09	02-06-2026_12:00	22.6	0.0	15.6	24.0	0.0	21.0			
02-06-2026_09:09	02-06-2026_13:00	23.6	0.0	16.3	25.0	0.0	22.0			
02-06-2026_09:09	02-06-2026_14:00	24.3	0.0	17.7	25.0	0.0	24.0			
02-06-2026_14:06	02-06-2026_15:00	24.8	0.0	19.6	25.0	0.0	26.0			
02-06-2026_14:06	02-06-2026_16:00	25.4	0.0	21.2	25.0	0.0	26.0			
02-06-2026_14:06	02-06-2026_17:00	25.1	0.0	21.7	25.0	0.0	28.0			
02-06-2026_14:06	02-06-2026_18:00	24.7	0.0	21.2	25.0	0.0	31.0			
02-06-2026_18:41	02-06-2026_19:00	24.0	0.0	19.5	25.0	0.0	30.0			
02-06-2026_18:41	02-06-2026_20:00	23.2	0.0	17.7	24.0	0.0	28.0			
02-06-2026_18:41	02-06-2026_21:00	22.5	0.0	15.1	24.0	0.0	27.0			
02-06-2026_21:50	02-06-2026_22:00	22.2	0.0	12.7	23.0	0.0	23.0			
02-06-2026_21:50	02-06-2026_23:00	22.6	0.0	9.6	23.0	0.0	22.0			
02-06-2026_23:48	03-06-2026_00:00	23.2	0.0	10.5	24.0	0.0	18.0			
02-06-2026_23:48	03-06-2026_01:00	23.1	0.0	13.1	24.0	0.0	19.0			
02-06-2026_23:48	03-06-2026_02:00	22.7	0.0	11.8	23.0	0.0	17.0			
02-06-2026_23:48	03-06-2026_03:00	22.0	0.0	10.5	22.0	0.0	18.0			
02-06-2026_23:48	03-06-2026_04:00	21.0	0.0	9.9	22.0	0.0	17.0			
03-06-2026_04:25	03-06-2026_05:00	20.4	0.0	10.0	21.0	0.0	18.0			
03-06-2026_04:25	03-06-2026_06:00	19.8	0.0	8.5	20.0	0.0	18.0			
03-06-2026_04:25	03-06-2026_07:00	19.3	0.0	7.2	20.0	0.0	16.0			
03-06-2026_04:25	03-06-2026_08:00	19.2	0.0	5.2	20.0	0.0	14.0			
03-06-2026_04:25	03-06-2026_09:00	20.1	0.0	3.5	21.0	0.0	10.0			
03-06-2026_09:53	03-06-2026_10:00	21.3	0.0	3.3	22.0	0.0	8.0			
03-06-2026_09:53	03-06-2026_11:00	22.6	0.0	4.0	23.0	0.0	4.0			
03-06-2026_09:53	03-06-2026_12:00	23.6	0.0	7.1	23.0	0.0	10.0			
03-06-2026_09:53	03-06-2026_13:00	24.0	0.0	9.7	24.0	0.0	12.0			
03-06-2026_09:53	03-06-2026_14:00	24.2	0.0	12.5	24.0	0.0	13.0			
03-06-2026_14:44	03-06-2026_15:00	24.3	0.0	15.4	24.0	0.0	14.0			
03-06-2026_14:44	03-06-2026_16:00	24.3	0.0	16.0	24.0	0.0	13.0			
03-06-2026_14:44	03-06-2026_17:00	24.4	0.0	13.7	24.0	0.0	15.0			
03-06-2026_14:44	03-06-2026_18:00	24.3	0.0	12.0	24.0	0.0	15.0			
03-06-2026_18:46	03-06-2026_19:00	23.6	0.0	10.1	24.0	0.0	15.0			
03-06-2026_18:46	03-06-2026_20:00	23.2	0.0	9.2	24.0	0.0	12.0			
03-06-2026_18:46	03-06-2026_21:00	22.0	0.0	8.9	23.0	0.0	10.0			
03-06-2026_21:51	03-06-2026_22:00	21.2	0.0	6.1	22.0	0.0	10.0			
03-06-2026_21:51	03-06-2026_23:00	20.9	0.0	4.3	21.0	0.0	9.0			
03-06-2026_23:46	04-06-2026_00:00	20.5	0.0	4.3	21.0	0.0	9.0			
03-06-2026_23:46	04-06-2026_01:00	20.3	0.0	4.5	21.0	0.0	6.0			
03-06-2026_23:46	04-06-2026_02:00	20.2	0.0	4.4	21.0	0.0	5.0			
03-06-2026_23:46	04-06-2026_03:00	20.0	0.0	3.3	21.0	0.0	6.0			
03-06-2026_23:46	04-06-2026_04:00	20.1	0.0	1.3	20.0	0.0	5.0			
04-06-2026_04:20	04-06-2026_05:00	19.8	0.0	1.1	21.0	0.0	5.0			
04-06-2026_04:20	04-06-2026_06:00	20.4	0.0	4.4	21.0	0.0	11.0			
04-06-2026_04:20	04-06-2026_07:00	20.3	0.0	8.5	20.0	0.0	19.0			
04-06-2026_04:20	04-06-2026_08:00	20.2	0.0	10.0	20.0	0.0	20.0			
04-06-2026_08:51	04-06-2026_09:00	20.6	0.0	12.9	20.0	0.0	21.0			
04-06-2026_08:51	04-06-2026_10:00	21.3	0.0	13.4	22.0	0.0	19.0			
04-06-2026_08:51	04-06-2026_11:00	22.4	0.0	13.4	23.0	0.0	18.0			
04-06-2026_11:57	04-06-2026_12:00				23.0	0.0	21.0			
04-06-2026_11:57	04-06-2026_13:00				24.0	0.0	25.0			
04-06-2026_11:57	04-06-2026_14:00				24.0	0.0	28.0			
04-06-2026_11:57	04-06-2026_15:00				24.0	0.0	26.0			
04-06-2026_15:35	04-06-2026_16:00	23.9	0.0	19.3	24.0	0.0	24.0			
04-06-2026_15:35	04-06-2026_17:00	23.9	0.0	19.2	24.0	0.0	25.0			
04-06-2026_15:35	04-06-2026_18:00	23.2	0.0	19.2	24.0	0.0	25.0			
04-06-2026_18:20	04-06-2026_19:00	22.6	0.0	16.9	23.0	0.0	28.0			
04-06-2026_18:20	04-06-2026_20:00	22.1	0.0	15.2	23.0	0.0	30.0			
04-06-2026_20:58	04-06-2026_21:00	21.7	0.0	12.1	24.0	0.0	24.0			
04-06-2026_20:58	04-06-2026_22:00	21.3	0.0	8.0	21.0	0.0	23.0			
04-06-2026_22:39	04-06-2026_23:00				22.0	0.0	21.0			
04-06-2026_22:39	05-06-2026_00:00	21.6	0.0	2.1	23.0	0.0	20.0			
05-06-2026_00:12	05-06-2026_01:00	22.3	0.0	7.3	23.0	0.0	21.0			
05-06-2026_00:12	05-06-2026_02:00	22.1	0.0	10.0	23.0	0.0	16.0			
05-06-2026_00:12	05-06-2026_03:00	21.5	0.0	11.0	22.0	0.0	18.0			
05-06-2026_00:12	05-06-2026_04:00	20.8	0.0	12.2	21.0	0.0	21.0			
05-06-2026_00:12	05-06-2026_05:00	19.9	0.0	11.3	20.0	0.0	21.0			
05-06-2026_05:20	05-06-2026_06:00	19.2	0.0	11.0	20.0	0.0	19.0			
05-06-2026_05:20	05-06-2026_07:00	18.5	0.0	10.2	19.0	0.0	19.0			
05-06-2026_05:20	05-06-2026_08:00	18.1	0.0	8.9	19.0	0.0	18.0			
05-06-2026_05:20	05-06-2026_09:00	18.5	0.0	9.4	20.0	0.0	17.0			
05-06-2026_09:56	05-06-2026_10:00	19.2	0.0	9.6	20.0	0.0	14.0			
05-06-2026_09:56	05-06-2026_11:00	20.3	0.0	10.5	21.0	0.0	8.0			
05-06-2026_09:56	05-06-2026_12:00	21.0	0.0	11.4	22.0	0.0	11.0			
05-06-2026_12:42	05-06-2026_13:00	22.0	0.0	12.6	22.0	0.0	16.0			
05-06-2026_12:42	05-06-2026_14:00	22.5	0.0	13.7	22.0	0.0	17.0			
05-06-2026_12:42	05-06-2026_15:00	22.6	0.0	15.5	23.0	0.0	19.0			
05-06-2026_15:56	05-06-2026_16:00	23.1	0.0	15.8	23.0	0.0	21.0			
05-06-2026_15:56	05-06-2026_17:00	23.3	0.0	16.3	23.0	0.0	23.0			
05-06-2026_15:56	05-06-2026_18:00	23.3	0.0	16.6	23.0	0.0	20.0			
05-06-2026_18:00	05-06-2026_19:00	22.5	0.0	15.5	23.0	0.0	19.0			
05-06-2026_18:00	05-06-2026_20:00	22.0	0.0	13.0	23.0	0.0	19.0			
05-06-2026_20:48	05-06-2026_21:00	21.4	0.0	9.0	22.0	0.0	15.0			
05-06-2026_20:48	05-06-2026_22:00	20.8	0.0	4.4	21.0	0.0	8.0			
05-06-2026_22:17	05-06-2026_23:00				21.0	0.0	5.0			
05-06-2026_22:17	06-06-2026_00:00	19.6	0.0	4.7	20.0	0.0	5.0			
06-06-2026_00:09	06-06-2026_01:00	19.1	0.0	5.2	22.0	0.0	12.0			
06-06-2026_00:09	06-06-2026_02:00	18.8	0.0	3.3	21.0	0.0	6.0			
06-06-2026_00:09	06-06-2026_03:00	18.1	0.0	3.9	21.0	0.0	5.0			
06-06-2026_00:09	06-06-2026_04:00	17.5	0.0	2.5	20.0	0.0	5.0			
06-06-2026_04:55	06-06-2026_05:00	17.1	0.0	2.7	20.0	0.0	4.0			
06-06-2026_04:55	06-06-2026_06:00	16.3	0.0	3.2	19.0	0.0	5.0			
06-06-2026_04:55	06-06-2026_07:00	16.0	0.0	3.5	17.0	0.0	7.0			
06-06-2026_07:47	06-06-2026_08:00	16.7	0.0	3.3	18.0	0.0	8.0			
06-06-2026_07:47	06-06-2026_09:00	18.6	0.0	1.8	19.0	0.0	7.0			
06-06-2026_07:47	06-06-2026_10:00	20.7	0.0	2.4	21.0	0.0	4.0			
06-06-2026_10:07	06-06-2026_11:00	22.6	0.0	2.7	22.0	0.0	7.0			
06-06-2026_10:07	06-06-2026_12:00	24.1	0.0	3.3	22.0	0.0	10.0			
06-06-2026_12:06	06-06-2026_13:00	25.2	0.0	5.7	23.0	0.0	10.0			
06-06-2026_12:06	06-06-2026_14:00	24.5	0.0	11.9	23.0	0.0	12.0			
06-06-2026_14:43	06-06-2026_15:00	24.4	0.0	13.6	23.0	0.0	19.0			
06-06-2026_14:43	06-06-2026_16:00	24.5	0.0	14.2	23.0	0.0	23.0			
06-06-2026_16:08	06-06-2026_17:00	24.9	0.0	13.5	24.0	0.0	23.0			
06-06-2026_16:08	06-06-2026_18:00	25.2	0.0	13.1	24.0	0.0	23.0			
06-06-2026_18:09	06-06-2026_19:00	25.4	0.0	9.6	25.0	0.0	22.0			
06-06-2026_18:09	06-06-2026_20:00	24.8	0.0	7.8	25.0	0.0	22.0			
06-06-2026_20:11	06-06-2026_21:00	24.1	0.0	6.2	24.0	0.0	17.0			
06-06-2026_20:11	06-06-2026_22:00	22.9	0.0	3.6	23.0	0.0	3.0			
06-06-2026_22:05	06-06-2026_23:00				22.0	0.0	9.0			
06-06-2026_22:05	07-06-2026_00:00	21.7	0.0	1.8	22.0	0.0	5.0			
07-06-2026_00:07	07-06-2026_01:00	22.1	0.0	0.4	22.0	0.0	4.0			
07-06-2026_00:07	07-06-2026_02:00	22.1	0.0	2.6	22.0	0.0	3.0			
07-06-2026_00:07	07-06-2026_03:00	21.1	0.0	4.0	21.0	0.0	4.0			
07-06-2026_00:07	07-06-2026_04:00	20.9	0.0	5.2	21.0	0.0	3.0			
07-06-2026_00:07	07-06-2026_05:00	21.0	0.0	6.3	21.0	0.0	5.0			
07-06-2026_05:23	07-06-2026_06:00	20.4	0.0	4.2	20.0	0.0	6.0			
07-06-2026_05:23	07-06-2026_07:00	19.8	0.0	4.2	21.0	0.0	8.0			
07-06-2026_05:23	07-06-2026_08:00	19.7	0.0	4.5	21.0	0.0	10.0			
07-06-2026_05:23	07-06-2026_09:00	21.6	0.0	5.3	23.0	0.0	21.0			
07-06-2026_09:17	07-06-2026_10:00	24.0	0.0	13.9	24.0	0.0	26.0			
07-06-2026_09:17	07-06-2026_11:00	25.6	0.0	19.1	26.0	0.0	26.0			
07-06-2026_11:49	07-06-2026_12:00	27.3	0.0	20.2	27.0	0.0	24.0			
07-06-2026_11:49	07-06-2026_13:00	28.6	0.0	20.5	27.0	0.0	23.0			
07-06-2026_11:49	07-06-2026_14:00	29.5	0.0	21.6	28.0	0.0	27.0			
07-06-2026_14:00	07-06-2026_15:00	29.7	0.0	22.8	28.0	0.0	28.0			
07-06-2026_15:39	07-06-2026_16:00	29.9	0.0	22.4	29.0	0.0	27.0			
07-06-2026_15:39	07-06-2026_17:00	30.0	0.0	19.2	28.0	0.0	18.0			
07-06-2026_17:21	07-06-2026_18:00	29.7	0.0	12.9	27.0	0.0	8.0			
07-06-2026_17:21	07-06-2026_19:00	29.0	0.0	6.9	26.0	0.0	18.0			
07-06-2026_19:27	07-06-2026_20:00	27.7	0.0	11.0	25.0	0.0	15.0			
07-06-2026_19:27	07-06-2026_21:00	26.0	0.0	11.5	24.0	0.0	9.0			
07-06-2026_21:16	07-06-2026_22:00	24.5	0.0	8.9	23.0	0.0	10.0			
07-06-2026_21:16	07-06-2026_23:00	23.5	0.0	9.6	22.0	0.0	7.0			
07-06-2026_23:08	08-06-2026_00:00	22.7	0.0	10.6	22.0	0.0	5.0			
07-06-2026_23:08	08-06-2026_01:00	22.1	0.0	7.3	22.0	0.0	2.0			
07-06-2026_23:08	08-06-2026_02:00	21.6	0.0	3.3	21.0	0.0	4.0			
07-06-2026_23:08	08-06-2026_03:00	21.2	0.0	3.6	21.0	0.0	1.0			
07-06-2026_23:08	08-06-2026_04:00	20.8	0.0	2.6	21.0	0.0	3.0			
08-06-2026_04:18	08-06-2026_05:00	20.6	0.0	1.1	20.0	0.0	4.0			
08-06-2026_04:18	08-06-2026_06:00	20.2	0.0	1.5	20.0	0.0	8.0			
08-06-2026_04:18	08-06-2026_07:00	19.7	0.0	3.6	20.0	0.0	2.0			
08-06-2026_04:18	08-06-2026_08:00	20.1	0.0	3.7	20.0	0.0	3.0			
08-06-2026_04:18	08-06-2026_09:00	21.6	0.0	4.2	22.0	0.0	3.0			
08-06-2026_09:25	08-06-2026_10:00	23.1	0.0	5.8	23.0	0.0	1.0			
08-06-2026_09:25	08-06-2026_11:00	24.1	0.0	8.2	24.0	0.0	1.0			
08-06-2026_09:25	08-06-2026_12:00	24.7	0.0	10.8	23.0	0.0	13.0			
08-06-2026_09:25	08-06-2026_13:00	25.2	0.0	12.8	24.0	0.0	15.0			
08-06-2026_09:25	08-06-2026_14:00	25.7	0.0	14.9	24.0	0.0	16.0			
08-06-2026_14:12	08-06-2026_15:00	25.9	0.0	17.6	25.0	0.0	20.0			
08-06-2026_14:12	08-06-2026_16:00	26.0	0.0	17.9	25.0	0.0	23.0			
08-06-2026_14:12	08-06-2026_17:00	26.1	0.0	16.4	26.0	0.0	23.0			
08-06-2026_17:57	08-06-2026_18:00	25.3	0.0	15.4	26.0	0.0	22.0			
08-06-2026_17:57	08-06-2026_19:00	24.6	0.0	14.6	24.0	0.0	18.0			
08-06-2026_17:57	08-06-2026_20:00	23.9	0.0	12.4	25.0	0.0	19.0			
08-06-2026_20:27	08-06-2026_21:00	23.0	0.0	9.1	24.0	0.0	14.0			
08-06-2026_20:27	08-06-2026_22:00	22.1	0.0	5.4	23.0	0.0	8.0			
08-06-2026_22:41	08-06-2026_23:00				22.0	0.0	8.0			
08-06-2026_22:41	09-06-2026_00:00	21.2	0.0	2.5	22.0	0.0	8.0			
09-06-2026_00:08	09-06-2026_01:00	20.8	0.0	3.1	22.0	0.0	3.0			
09-06-2026_00:08	09-06-2026_02:00	20.7	0.0	2.2	22.0	0.0	9.0			
09-06-2026_00:08	09-06-2026_03:00	21.2	0.0	1.3	22.0	0.0	7.0			
09-06-2026_00:08	09-06-2026_04:00	21.0	0.0	4.7	22.0	0.0	6.0			
09-06-2026_00:08	09-06-2026_05:00	20.6	0.0	5.2	21.0	0.0	8.0			
09-06-2026_05:09	09-06-2026_06:00	20.3	0.0	5.7	21.0	0.0	10.0			
09-06-2026_05:09	09-06-2026_07:00	20.0	0.0	5.2	20.0	0.0	11.0			
09-06-2026_05:09	09-06-2026_08:00	19.9	0.0	4.2	20.0	0.0	12.0			
09-06-2026_05:09	09-06-2026_09:00	21.1	0.0	4.0	22.0	0.0	13.0			
09-06-2026_09:51	09-06-2026_10:00	22.2	0.0	3.7	22.0	0.0	8.0			
09-06-2026_09:51	09-06-2026_11:00	23.5	0.0	6.1	24.0	0.0	5.0			
09-06-2026_09:51	09-06-2026_12:00	24.3	0.0	8.7	23.0	0.0	11.0			
09-06-2026_12:40	09-06-2026_13:00	24.6	0.0	12.3	24.0	0.0	13.0			
09-06-2026_12:40	09-06-2026_14:00	24.9	0.0	14.6	24.0	0.0	13.0			
09-06-2026_12:40	09-06-2026_15:00	24.9	0.0	15.6	24.0	0.0	15.0			
09-06-2026_15:58	09-06-2026_16:00	24.5	0.0	15.7	24.0	0.0	16.0			
09-06-2026_15:58	09-06-2026_17:00	24.5	0.0	15.5	25.0	0.0	17.0			
09-06-2026_15:58	09-06-2026_18:00	24.3	0.0	14.8	24.0	0.0	18.0			
09-06-2026_18:16	09-06-2026_19:00	23.6	0.0	12.7	24.0	0.0	16.0			
09-06-2026_18:16	09-06-2026_20:00	23.0	0.0	10.5	23.0	0.0	12.0			
09-06-2026_18:16	09-06-2026_21:00	22.3	0.0	8.4	23.0	0.0	9.0			
09-06-2026_21:00	09-06-2026_22:00	21.4	0.0	6.1	22.0	0.0	10.0			
09-06-2026_22:43	09-06-2026_23:00				21.0	0.0	8.0			
09-06-2026_22:43	10-06-2026_00:00	20.6	0.0	5.2	21.0	0.0	8.0			
10-06-2026_00:17	10-06-2026_01:00	20.1	0.0	4.4	20.0	0.0	8.0			
10-06-2026_00:17	10-06-2026_02:00	19.8	0.0	6.6	20.0	0.0	9.0			
10-06-2026_00:17	10-06-2026_03:00	19.6	0.0	6.3	20.0	0.0	12.0			
10-06-2026_00:17	10-06-2026_04:00	19.3	0.0	7.4	19.0	0.0	16.0			
10-06-2026_00:17	10-06-2026_05:00	19.2	0.0	8.4	19.0	0.0	7.0			
10-06-2026_05:21	10-06-2026_06:00	18.9	0.0	6.3	19.0	0.0	10.0			
10-06-2026_05:21	10-06-2026_07:00	18.8	0.0	6.5	19.0	0.0	9.0			
10-06-2026_05:21	10-06-2026_08:00	19.1	0.0	5.0	20.0	0.0	5.0			
10-06-2026_05:21	10-06-2026_09:00	20.3	0.0	7.0	21.0	0.0	6.0			
10-06-2026_05:21	10-06-2026_10:00	21.7	0.0	8.4	23.0	0.0	11.0			
10-06-2026_10:07	10-06-2026_11:00	22.8	0.0	6.6	24.0	0.0	8.0			
10-06-2026_10:07	10-06-2026_12:00	24.5	0.0	4.7	23.0	0.0	10.0			
10-06-2026_10:07	10-06-2026_13:00	26.2	0.0	4.3	26.0	0.0	10.0			
10-06-2026_10:07	10-06-2026_14:00	26.2	0.0	7.5	25.0	0.0	13.0			
10-06-2026_14:25	10-06-2026_15:00	27.2	0.0	6.6	25.0	0.0	15.0			
10-06-2026_14:25	10-06-2026_16:00	27.1	0.0	7.4	26.0	0.0	16.0			
10-06-2026_14:25	10-06-2026_17:00	27.3	0.0	7.6	26.0	0.0	15.0			
10-06-2026_14:25	10-06-2026_18:00	27.1	0.0	7.9	26.0	0.0	12.0			
10-06-2026_18:03	10-06-2026_19:00	26.5	0.0	7.2	25.0	0.0	9.0			
10-06-2026_18:03	10-06-2026_20:00	26.5	0.0	5.4	25.0	0.0	5.0			
10-06-2026_18:03	10-06-2026_21:00	27.1	0.0	9.2	26.0	0.0	6.0			
10-06-2026_21:25	10-06-2026_22:00	25.5	0.0	11.1	22.0	0.0	4.0			
10-06-2026_21:25	10-06-2026_23:00	24.2	0.0	12.3	23.0	0.0	14.0			
10-06-2026_23:27	11-06-2026_00:00	23.5	0.0	15.2	23.0	0.0	6.0			
10-06-2026_23:27	11-06-2026_01:00	23.3	0.0	22.6	23.0	0.0	19.0			
10-06-2026_23:27	11-06-2026_02:00	23.1	0.0	23.6	23.0	0.0	37.0			
10-06-2026_23:27	11-06-2026_03:00	23.0	0.0	23.7	23.0	0.0	39.0			
10-06-2026_23:27	11-06-2026_04:00	22.9	0.0	24.7	22.0	0.0	39.0			
11-06-2026_04:14	11-06-2026_05:00	22.6	0.0	24.2	22.0	0.0	36.0			
11-06-2026_04:14	11-06-2026_06:00	22.1	0.0	23.6	22.0	0.0	35.0			
11-06-2026_04:14	11-06-2026_07:00	22.0	0.0	23.1	22.0	0.0	33.0			
11-06-2026_04:14	11-06-2026_08:00	22.1	0.0	23.0	22.0	0.0	32.0			
11-06-2026_04:14	11-06-2026_09:00	23.1	0.0	23.0	24.0	0.0	34.0			
11-06-2026_09:13	11-06-2026_10:00				25.0	0.0	32.0			
11-06-2026_09:13	11-06-2026_11:00				27.0	0.0	33.0			
11-06-2026_09:13	11-06-2026_12:00				27.0	0.0	36.0			
11-06-2026_09:13	11-06-2026_13:00				28.0	0.0	38.0			
11-06-2026_09:13	11-06-2026_14:00				29.0	0.0	39.0			
11-06-2026_14:01	11-06-2026_15:00	28.9	0.0	33.3	29.0	0.0	40.0			
11-06-2026_14:01	11-06-2026_16:00	28.9	0.0	34.1	29.0	0.0	40.0			
11-06-2026_14:01	11-06-2026_17:00	28.7	0.0	34.5	30.0	0.0	39.0			
11-06-2026_14:01	11-06-2026_18:00	28.1	0.0	33.9	29.0	0.0	40.0			
11-06-2026_18:17	11-06-2026_19:00	27.0	0.0	32.8	28.0	0.0	40.0			
11-06-2026_18:17	11-06-2026_20:00	25.9	0.0	31.7	27.0	0.0	40.0			
11-06-2026_18:17	11-06-2026_21:00	24.4	0.0	30.1	26.0	0.0	40.0			
11-06-2026_21:23	11-06-2026_22:00	23.2	0.0	29.4	24.0	0.0	37.0			
11-06-2026_21:23	11-06-2026_23:00	22.8	0.0	28.7	23.0	0.0	34.0			
11-06-2026_23:25	12-06-2026_00:00	22.3	0.0	31.1	23.0	0.0	33.0			
11-06-2026_23:25	12-06-2026_01:00	22.4	0.0	31.3	23.0	0.0	32.0			
11-06-2026_23:25	12-06-2026_02:00	22.4	0.0	31.6	22.0	0.0	37.0			
11-06-2026_23:25	12-06-2026_03:00	22.4	0.0	30.6	22.0	0.0	36.0			
11-06-2026_23:25	12-06-2026_04:00	22.3	0.0	29.9	22.0	0.0	29.0			
12-06-2026_04:16	12-06-2026_05:00	22.1	0.0	30.9	22.0	0.0	25.0			
12-06-2026_04:16	12-06-2026_06:00	22.2	0.0	30.3	22.0	0.0	27.0			
12-06-2026_04:16	12-06-2026_07:00	22.1	0.0	29.2	22.0	0.0	27.0			
12-06-2026_04:16	12-06-2026_08:00	22.3	0.0	28.9	22.0	0.0	29.0			
12-06-2026_04:16	12-06-2026_09:00	23.1	0.0	32.0	24.0	0.0	37.0			
12-06-2026_09:00	12-06-2026_10:00	24.3	0.0	37.8	25.0	0.0	42.0			
12-06-2026_09:00	12-06-2026_11:00	25.5	0.0	39.1	26.0	0.0	41.0			
12-06-2026_09:00	12-06-2026_12:00	26.6	0.0	38.6	27.0	0.0	37.0			
12-06-2026_12:27	12-06-2026_13:00				28.0	0.0	40.0			
12-06-2026_12:27	12-06-2026_14:00				28.0	0.0	39.0			
12-06-2026_12:27	12-06-2026_15:00				29.0	0.0	41.0			
12-06-2026_12:27	12-06-2026_16:00				29.0	0.0	42.0			
12-06-2026_16:21	12-06-2026_17:00	28.4	0.0	35.4	29.0	0.0	36.0			
12-06-2026_16:21	12-06-2026_18:00	27.7	0.0	34.1	28.0	0.0	32.0			
12-06-2026_16:21	12-06-2026_19:00	26.8	0.0	33.1	27.0	0.0	34.0			
12-06-2026_19:07	12-06-2026_20:00	25.6	0.0	32.6	26.0	0.0	41.0			
12-06-2026_19:07	12-06-2026_21:00	24.2	0.0	34.8	25.0	0.0	48.0			
12-06-2026_21:49	12-06-2026_22:00	22.9	0.0	36.8	24.0	0.0	44.0			
12-06-2026_21:49	12-06-2026_23:00	22.4	0.0	40.0	23.0	0.0	46.0			
12-06-2026_23:20	13-06-2026_00:00	22.1	0.0	40.3	22.0	0.0	47.0			
12-06-2026_23:20	13-06-2026_01:00	22.0	0.0	40.1	22.0	0.0	46.0			
12-06-2026_23:20	13-06-2026_02:00	22.0	0.0	38.5	22.0	0.0	47.0			
12-06-2026_23:20	13-06-2026_03:00	22.1	0.0	37.4	22.0	0.0	45.0			
12-06-2026_23:20	13-06-2026_04:00	22.3	0.0	36.9	22.0	0.0	45.0			
13-06-2026_04:04	13-06-2026_05:00	22.0	0.0	33.7	22.0	0.0	43.0			
13-06-2026_04:04	13-06-2026_06:00	22.1	0.0	30.3	22.0	0.0	43.0			
13-06-2026_04:04	13-06-2026_07:00	22.1	0.0	23.7	22.0	0.0	40.0			
13-06-2026_04:04	13-06-2026_08:00	22.1	0.0	18.5	22.0	0.0	39.0			
13-06-2026_08:22	13-06-2026_09:00	23.0	0.0	21.7	23.0	0.0	40.0			
13-06-2026_08:22	13-06-2026_10:00	24.2	0.0	24.3	24.0	0.0	38.0			
13-06-2026_08:22	13-06-2026_11:00	25.4	0.0	27.4	26.0	0.0	29.0			
13-06-2026_11:16	13-06-2026_12:00	26.2	0.0	29.3	27.0	0.0	29.0			
13-06-2026_11:16	13-06-2026_13:00	27.4	0.0	29.5	28.0	0.0	31.0			
13-06-2026_11:16	13-06-2026_14:00	28.5	0.0	30.1	28.0	0.0	30.0			
13-06-2026_14:05	13-06-2026_15:00	29.4	0.0	30.9	29.0	0.0	31.0			
13-06-2026_14:05	13-06-2026_16:00	29.6	0.0	31.4	29.0	0.0	33.0			
13-06-2026_16:15	13-06-2026_17:00	29.5	0.0	31.6	30.0	0.0	34.0			
13-06-2026_16:15	13-06-2026_18:00	29.0	0.0	32.8	29.0	0.0	34.0			
13-06-2026_18:09	13-06-2026_19:00	27.8	0.0	30.3	28.0	0.0	34.0			
13-06-2026_18:09	13-06-2026_20:00	26.4	0.0	30.3	27.0	0.0	34.0			
13-06-2026_20:17	13-06-2026_21:00	25.1	0.0	27.7	25.0	0.0	33.0			
13-06-2026_20:17	13-06-2026_22:00	23.8	0.0	26.2	24.0	0.0	30.0			
13-06-2026_22:06	13-06-2026_23:00				23.0	0.0	27.0			
13-06-2026_22:06	14-06-2026_00:00	22.8	0.0	19.7	22.0	0.0	27.0			
14-06-2026_00:10	14-06-2026_01:00	22.1	0.0	17.1	22.0	0.0	23.0			
14-06-2026_00:10	14-06-2026_02:00	21.6	0.0	11.8	22.0	0.0	17.0			
14-06-2026_00:10	14-06-2026_03:00	21.0	0.0	9.0	22.0	0.0	5.0			
14-06-2026_00:10	14-06-2026_04:00	20.6	0.0	9.7	21.0	0.0	6.0			
14-06-2026_00:10	14-06-2026_05:00	20.3	0.0	10.7	21.0	0.0	11.0			
14-06-2026_05:51	14-06-2026_06:00	20.4	0.0	16.1	21.0	0.0	26.0			
14-06-2026_05:51	14-06-2026_07:00	20.4	0.0	17.3	21.0	0.0	28.0			
14-06-2026_05:51	14-06-2026_08:00	20.5	0.0	15.9	20.0	0.0	23.0			
14-06-2026_05:51	14-06-2026_09:00	20.8	0.0	16.4	21.0	0.0	22.0			
14-06-2026_09:39	14-06-2026_10:00	21.5	0.0	14.2	22.0	0.0	20.0			
14-06-2026_09:39	14-06-2026_11:00	22.4	0.0	13.7	23.0	0.0	17.0			
14-06-2026_11:59	14-06-2026_12:00	23.5	0.0	13.7	23.0	0.0	17.0			
14-06-2026_11:59	14-06-2026_13:00	24.0	0.0	15.7	23.0	0.0	16.0			
14-06-2026_11:59	14-06-2026_14:00	24.7	0.0	15.6	24.0	0.0	16.0			
14-06-2026_14:22	14-06-2026_15:00	24.7	0.0	17.1	24.0	0.0	17.0			
14-06-2026_14:22	14-06-2026_16:00	24.5	0.0	17.7	24.0	0.0	15.0			
14-06-2026_16:24	14-06-2026_17:00	24.4	0.0	17.1	25.0	0.0	15.0			
14-06-2026_16:24	14-06-2026_18:00	24.1	0.0	15.7	24.0	0.0	15.0			
14-06-2026_18:15	14-06-2026_19:00	23.7	0.0	15.3	24.0	0.0	15.0			
14-06-2026_18:15	14-06-2026_20:00	22.8	0.0	12.9	23.0	0.0	15.0			
14-06-2026_20:20	14-06-2026_21:00	22.0	0.0	10.2	23.0	0.0	14.0			
14-06-2026_20:20	14-06-2026_22:00	21.3	0.0	8.0	22.0	0.0	12.0			
14-06-2026_22:14	14-06-2026_23:00				21.0	0.0	8.0			
14-06-2026_22:14	15-06-2026_00:00	20.5	0.0	4.7	21.0	0.0	7.0			
15-06-2026_00:14	15-06-2026_01:00	19.9	0.0	3.9	20.0	0.0	6.0			
15-06-2026_00:14	15-06-2026_02:00	19.6	0.0	4.2	20.0	0.0	8.0			
15-06-2026_00:14	15-06-2026_03:00	19.6	0.0	4.9	20.0	0.0	8.0			
15-06-2026_00:14	15-06-2026_04:00	19.5	0.0	5.6	20.0	0.0	9.0			
15-06-2026_00:14	15-06-2026_05:00	19.5	0.0	5.6	20.0	0.0	12.0			
15-06-2026_00:14	15-06-2026_06:00	19.5	0.0	4.8	20.0	0.0	14.0			
15-06-2026_06:27	15-06-2026_07:00	19.3	0.0	2.5	20.0	0.0	13.0			
15-06-2026_06:27	15-06-2026_08:00	19.3	0.0	1.8	20.0	0.0	12.0			
15-06-2026_06:27	15-06-2026_09:00	20.4	0.0	4.1	21.0	0.0	12.0			
15-06-2026_06:27	15-06-2026_10:00	21.4	0.0	6.1	22.0	0.0	11.0			
15-06-2026_06:27	15-06-2026_11:00	22.3	0.0	7.9	23.0	0.0	11.0			
15-06-2026_06:27	15-06-2026_12:00	23.0	0.0	8.6	23.0	0.0	9.0			
15-06-2026_06:27	15-06-2026_13:00	23.5	0.0	10.8	24.0	0.0	11.0			
15-06-2026_13:18	15-06-2026_14:00	23.2	0.0	14.1	24.0	0.0	13.0			
15-06-2026_13:18	15-06-2026_15:00	23.2	0.0	15.3	24.0	0.0	13.0			
15-06-2026_13:18	15-06-2026_16:00	23.5	0.0	15.9	24.0	0.0	13.0			
15-06-2026_13:18	15-06-2026_17:00	23.1	0.0	15.0	24.0	0.0	15.0			
15-06-2026_13:18	15-06-2026_18:00	23.1	0.0	15.3	24.0	0.0	16.0			
15-06-2026_18:40	15-06-2026_19:00	22.1	0.0	11.7	24.0	0.0	18.0			
15-06-2026_18:40	15-06-2026_20:00	22.0	0.0	11.2	23.0	0.0	17.0			
15-06-2026_18:40	15-06-2026_21:00	21.5	0.0	9.9	23.0	0.0	17.0			
15-06-2026_21:45	15-06-2026_22:00	21.0	0.0	6.6	22.0	0.0	14.0			
15-06-2026_21:45	15-06-2026_23:00	20.7	0.0	4.1	21.0	0.0	11.0			
15-06-2026_23:48	16-06-2026_00:00	20.3	0.0	3.8	21.0	0.0	7.0			
15-06-2026_23:48	16-06-2026_01:00	20.0	0.0	2.3	21.0	0.0	3.0			
15-06-2026_23:48	16-06-2026_02:00	19.8	0.0	0.5	20.0	0.0	6.0			
15-06-2026_23:48	16-06-2026_03:00	19.6	0.0	3.0	20.0	0.0	8.0			
15-06-2026_23:48	16-06-2026_04:00	19.4	0.0	4.0	20.0	0.0	12.0			
16-06-2026_04:42	16-06-2026_05:00	19.2	0.0	5.2	20.0	0.0	14.0			
16-06-2026_04:42	16-06-2026_06:00	19.2	0.0	4.7	20.0	0.0	14.0			
16-06-2026_04:42	16-06-2026_07:00	19.3	0.0	4.3	20.0	0.0	11.0			
16-06-2026_04:42	16-06-2026_08:00	19.6	0.0	4.0	20.0	0.0	11.0			
16-06-2026_04:42	16-06-2026_09:00	20.7	0.0	6.2	21.0	0.0	13.0			
16-06-2026_04:42	16-06-2026_10:00	21.8	0.0	7.5	22.0	0.0	13.0			
16-06-2026_10:10	16-06-2026_11:00	22.8	0.0	7.5	23.0	0.0	15.0			
16-06-2026_10:10	16-06-2026_12:00	23.8	0.0	8.6	23.0	0.0	12.0			
16-06-2026_10:10	16-06-2026_13:00	24.5	0.0	9.4	25.0	0.0	12.0			
16-06-2026_10:10	16-06-2026_14:00	25.1	0.0	10.7	24.0	0.0	11.0			
16-06-2026_10:10	16-06-2026_15:00	25.7	0.0	11.2	25.0	0.0	12.0			
16-06-2026_15:57	16-06-2026_16:00	24.7	0.0	11.2	25.0	0.0	12.0			
16-06-2026_15:57	16-06-2026_17:00	25.0	0.0	12.3	25.0	0.0	13.0			
16-06-2026_15:57	16-06-2026_18:00	25.1	0.0	11.2	25.0	0.0	13.0			
16-06-2026_15:57	16-06-2026_19:00	25.0	0.0	10.4	24.0	0.0	11.0			
16-06-2026_19:44	16-06-2026_20:00	24.5	0.0	8.1	25.0	0.0	10.0			
16-06-2026_19:44	16-06-2026_21:00	23.8	0.0	6.6	24.0	0.0	9.0			
16-06-2026_19:44	16-06-2026_22:00	23.2	0.0	4.6	23.0	0.0	5.0			
16-06-2026_22:14	16-06-2026_23:00				23.0	0.0	7.0			
16-06-2026_22:14	17-06-2026_00:00	22.4	0.0	2.5	23.0	0.0	5.0			
17-06-2026_00:19	17-06-2026_01:00	23.1	0.0	2.1	22.0	0.0	4.0			
17-06-2026_00:19	17-06-2026_02:00	22.5	0.0	3.3	23.0	0.0	11.0			
17-06-2026_00:19	17-06-2026_03:00	22.4	0.0	5.0	22.0	0.0	11.0			
17-06-2026_00:19	17-06-2026_04:00	22.1	0.0	7.1	22.0	0.0	11.0			
17-06-2026_00:19	17-06-2026_05:00	22.0	0.0	6.3	22.0	0.0	8.0			
17-06-2026_00:19	17-06-2026_06:00	21.7	0.0	4.8	21.0	0.0	8.0			
17-06-2026_06:16	17-06-2026_07:00	21.1	0.0	3.5	21.0	0.0	9.0			
17-06-2026_06:16	17-06-2026_08:00	20.7	0.0	4.1	22.0	0.0	6.0			
17-06-2026_06:16	17-06-2026_09:00	22.3	0.0	4.2	24.0	0.0	8.0			
17-06-2026_06:16	17-06-2026_10:00	25.4	0.0	6.3	26.0	0.0	15.0			
17-06-2026_06:16	17-06-2026_11:00	28.1	0.0	11.2	28.0	0.0	20.0			
17-06-2026_11:50	17-06-2026_12:00	30.4	0.0	14.4	29.0	0.0	23.0			
17-06-2026_11:50	17-06-2026_13:00	31.7	0.0	17.2	30.0	0.0	22.0			
17-06-2026_11:50	17-06-2026_14:00	32.2	0.0	19.5	31.0	0.0	24.0			
17-06-2026_11:50	17-06-2026_15:00	32.8	0.0	20.1	31.0	0.0	25.0			
17-06-2026_15:39	17-06-2026_16:00	34.1	0.0	17.4	31.0	0.0	24.0			
17-06-2026_15:39	17-06-2026_17:00	34.0	0.0	17.3	31.0	0.0	23.0			
17-06-2026_15:39	17-06-2026_18:00	33.3	0.0	21.7	31.0	0.0	21.0			
17-06-2026_18:22	17-06-2026_19:00	32.8	0.0	21.1	30.0	0.0	26.0			
17-06-2026_18:22	17-06-2026_20:00	31.4	0.0	16.6	29.0	0.0	15.0			
17-06-2026_18:22	17-06-2026_21:00	29.6	0.0	13.5	28.0	0.0	10.0			
17-06-2026_21:10	17-06-2026_22:00	27.5	0.0	16.3	27.0	0.0	9.0			
17-06-2026_21:10	17-06-2026_23:00	26.7	0.0	21.8	25.0	0.0	10.0			
17-06-2026_23:27	18-06-2026_00:00	26.3	0.0	21.9	25.0	0.0	3.0			
17-06-2026_23:27	18-06-2026_01:00	26.1	0.0	18.4	25.0	0.0	12.0			
17-06-2026_23:27	18-06-2026_02:00	25.6	0.0	10.1	25.0	0.0	3.0			
17-06-2026_23:27	18-06-2026_03:00	24.8	0.0	3.3	25.0	0.0	6.0			
17-06-2026_23:27	18-06-2026_04:00	24.3	0.0	4.7	24.0	0.0	6.0			
18-06-2026_04:16	18-06-2026_05:00	23.8	0.0	6.1	24.0	0.0	2.0			
18-06-2026_04:16	18-06-2026_06:00	23.3	0.0	5.2	24.0	0.0	5.0			
18-06-2026_04:16	18-06-2026_07:00	22.5	0.0	5.4	23.0	0.0	7.0			
18-06-2026_04:16	18-06-2026_08:00	22.3	0.0	4.8	23.0	0.0	3.0			
18-06-2026_04:16	18-06-2026_09:00	23.9	0.0	4.1	25.0	0.0	3.0			
18-06-2026_09:16	18-06-2026_10:00	27.0	0.0	6.4	27.0	0.0	4.0			
18-06-2026_09:16	18-06-2026_11:00	29.1	0.0	10.4	28.0	0.0	8.0			
18-06-2026_09:16	18-06-2026_12:00	30.4	0.0	13.4	27.0	0.0	10.0			
18-06-2026_12:56	18-06-2026_13:00	31.7	0.0	14.4	31.0	0.0	14.0			
18-06-2026_12:56	18-06-2026_14:00	33.0	0.0	8.6	29.0	0.0	15.0			
18-06-2026_12:56	18-06-2026_15:00	33.5	0.0	1.5	30.0	0.0	17.0			
18-06-2026_12:56	18-06-2026_16:00	30.8	0.0	11.2	30.0	0.0	18.0			
18-06-2026_16:36	18-06-2026_17:00	31.0	0.0	7.6	30.0	0.0	14.0			
18-06-2026_16:36	18-06-2026_18:00	31.2	0.0	7.9	30.0	0.0	14.0			
18-06-2026_16:36	18-06-2026_19:00	30.6	0.0	4.6	28.0	0.0	12.0			
18-06-2026_19:31	18-06-2026_20:00	31.4	0.0	11.7	28.0	0.0	9.0			
18-06-2026_19:31	18-06-2026_21:00	29.3	0.0	14.6	27.0	0.0	8.0			
18-06-2026_19:31	18-06-2026_22:00	27.8	0.0	10.1	26.0	0.0	12.0			
18-06-2026_22:12	18-06-2026_23:00				25.0	0.0	7.0			
18-06-2026_22:12	19-06-2026_00:00	25.9	0.0	7.5	25.0	0.0	3.0			
18-06-2026_22:12	19-06-2026_01:00	25.4	0.0	7.9	25.0	0.0	3.0			
19-06-2026_01:44	19-06-2026_02:00	24.7	0.0	7.4	24.0	0.0	7.0			
19-06-2026_01:44	19-06-2026_03:00	24.0	0.0	2.9	24.0	0.0	8.0			
19-06-2026_01:44	19-06-2026_04:00	23.5	0.0	2.5	24.0	0.0	11.0			
19-06-2026_01:44	19-06-2026_05:00	22.9	0.0	3.5	24.0	0.0	8.0			
19-06-2026_01:44	19-06-2026_06:00	22.5	0.0	3.3	24.0	0.0	5.0			
19-06-2026_01:44	19-06-2026_07:00	22.2	0.0	3.4	23.0	0.0	7.0			
19-06-2026_07:10	19-06-2026_08:00	22.4	0.0	6.2	23.0	0.0	9.0			
19-06-2026_07:10	19-06-2026_09:00	23.7	0.0	7.6	24.0	0.0	12.0			
19-06-2026_07:10	19-06-2026_10:00	25.7	0.0	10.0	26.0	0.0	16.0			
19-06-2026_07:10	19-06-2026_11:00	27.6	0.0	14.6	27.0	0.0	17.0			
19-06-2026_07:10	19-06-2026_12:00	28.9	0.0	19.5	27.0	0.0	18.0			
19-06-2026_12:09	19-06-2026_13:00	28.7	0.4	15.5	30.0	0.0	14.0			
19-06-2026_12:09	19-06-2026_14:00	30.3	0.0	19.2	29.0	0.0	14.0			
19-06-2026_12:09	19-06-2026_15:00	31.6	0.0	17.6	28.0	0.0	17.0			
19-06-2026_12:09	19-06-2026_16:00	32.4	0.0	7.7	30.0	0.0	20.0			
19-06-2026_16:07	19-06-2026_17:00	28.5	0.0	15.7	30.0	0.0	22.0			
19-06-2026_16:07	19-06-2026_18:00	28.2	0.0	17.0	30.0	0.0	20.0			
19-06-2026_18:57	19-06-2026_19:00	28.0	0.0	11.6	28.0	0.0	16.0			
19-06-2026_18:57	19-06-2026_20:00	27.4	0.0	9.2	26.0	0.0	12.0			
19-06-2026_20:41	19-06-2026_21:00	26.3	0.0	8.2	26.0	0.0	7.0			
19-06-2026_20:41	19-06-2026_22:00	25.3	0.0	5.7	25.0	0.0	10.0			
19-06-2026_22:06	19-06-2026_23:00				24.0	0.0	15.0			
19-06-2026_22:06	20-06-2026_00:00	24.8	0.0	3.2	24.0	0.0	8.0			
20-06-2026_00:11	20-06-2026_01:00	25.1	0.0	2.3	24.0	0.0	8.0			
20-06-2026_00:11	20-06-2026_02:00	24.3	0.0	5.4	23.0	0.0	11.0			
20-06-2026_00:11	20-06-2026_03:00	23.5	0.0	6.1	23.0	0.0	6.0			
20-06-2026_00:11	20-06-2026_04:00	23.1	0.0	0.7	23.0	0.0	5.0			
20-06-2026_00:11	20-06-2026_05:00	22.6	0.0	4.0	23.0	0.0	5.0			
20-06-2026_05:17	20-06-2026_06:00	22.3	0.0	4.4	22.0	0.0	7.0			
20-06-2026_05:17	20-06-2026_07:00	21.8	0.0	1.8	22.0	0.0	5.0			
20-06-2026_05:17	20-06-2026_08:00	21.9	0.0	0.5	22.0	0.0	6.0			
20-06-2026_05:17	20-06-2026_09:00	23.3	0.0	0.4	24.0	0.0	6.0			
20-06-2026_09:20	20-06-2026_10:00	25.6	0.0	2.2	27.0	0.0	9.0			
20-06-2026_09:20	20-06-2026_11:00	28.0	0.0	0.5	29.0	0.0	8.0			
20-06-2026_11:58	20-06-2026_12:00	30.5	0.0	5.8	29.0	0.0	12.0			
20-06-2026_11:58	20-06-2026_13:00	29.7	0.0	12.4	28.0	0.0	18.0			
20-06-2026_11:58	20-06-2026_14:00	29.0	0.0	15.8	28.0	0.0	18.0			
20-06-2026_14:24	20-06-2026_15:00	29.2	0.0	13.6	29.0	0.0	19.0			
20-06-2026_14:24	20-06-2026_16:00	29.5	0.0	13.6	31.0	0.0	18.0			
20-06-2026_16:21	20-06-2026_17:00	28.4	0.0	11.6	32.0	0.0	15.0			
20-06-2026_16:21	20-06-2026_18:00	28.6	0.0	11.2	32.0	0.0	16.0			
20-06-2026_18:14	20-06-2026_19:00	28.7	0.0	7.0	28.0	0.0	15.0			
20-06-2026_18:14	20-06-2026_20:00	28.6	0.0	3.9	28.0	0.0	8.0			
20-06-2026_20:17	20-06-2026_21:00	28.5	0.0	3.9	28.0	0.0	9.0			
20-06-2026_20:17	20-06-2026_22:00	27.9	0.0	1.9	26.0	0.0	8.0			
20-06-2026_22:11	20-06-2026_23:00				25.0	0.0	8.0			
20-06-2026_22:11	21-06-2026_00:00	25.6	0.0	4.8	25.0	0.0	9.0			
21-06-2026_00:10	21-06-2026_01:00	24.3	0.0	4.9	24.0	0.0	11.0			
21-06-2026_00:10	21-06-2026_02:00	24.0	0.0	6.1	24.0	0.0	11.0			
21-06-2026_00:10	21-06-2026_03:00	23.7	0.0	4.1	24.0	0.0	8.0			
21-06-2026_00:10	21-06-2026_04:00	23.5	0.0	2.9	24.0	0.0	8.0			
21-06-2026_00:10	21-06-2026_05:00	23.1	0.0	5.9	24.0	0.0	8.0			
21-06-2026_00:10	21-06-2026_06:00	22.6	0.0	5.6	23.0	0.0	9.0			
21-06-2026_06:05	21-06-2026_07:00	22.7	0.0	4.3	23.0	0.0	12.0			
21-06-2026_06:05	21-06-2026_08:00	23.2	0.0	4.6	23.0	0.0	13.0			
21-06-2026_06:05	21-06-2026_09:00	24.9	0.0	6.9	25.0	0.0	15.0			
21-06-2026_06:05	21-06-2026_10:00	26.8	0.0	12.2	26.0	0.0	16.0			
21-06-2026_10:32	21-06-2026_11:00	28.5	0.0	17.1	27.0	0.0	17.0			
21-06-2026_10:32	21-06-2026_12:00	30.2	0.0	18.9	28.0	0.0	21.0			
21-06-2026_10:32	21-06-2026_13:00	31.2	0.0	20.1	29.0	0.0	24.0			
21-06-2026_13:08	21-06-2026_14:00	31.7	0.0	19.8	30.0	0.0	22.0			
21-06-2026_13:08	21-06-2026_15:00	31.7	0.0	19.8	29.0	0.0	33.0			
21-06-2026_15:55	21-06-2026_16:00	30.2	0.0	20.8	32.0	0.0	32.0			
21-06-2026_15:55	21-06-2026_17:00	29.4	0.0	21.0	31.0	0.0	32.0			
21-06-2026_17:41	21-06-2026_18:00	28.6	0.0	20.1	30.0	0.0	30.0			
21-06-2026_17:41	21-06-2026_19:00	27.8	0.0	17.8	29.0	0.0	21.0			
21-06-2026_19:46	21-06-2026_20:00	25.5	0.0	16.6	28.0	0.0	14.0			
21-06-2026_19:46	21-06-2026_21:00	24.6	0.0	10.8	27.0	0.0	8.0			
21-06-2026_21:17	21-06-2026_22:00	24.0	0.0	6.3	26.0	0.0	7.0			
21-06-2026_21:17	21-06-2026_23:00	23.7	0.0	4.9	24.0	0.0	4.0			
21-06-2026_23:17	22-06-2026_00:00	23.6	0.0	3.3	25.0	0.0	3.0			
21-06-2026_23:17	22-06-2026_01:00	23.4	0.0	2.3	25.0	0.0	4.0			
21-06-2026_23:17	22-06-2026_02:00	23.6	0.0	1.8	25.0	0.0	5.0			
21-06-2026_23:17	22-06-2026_03:00	23.0	0.0	3.4	24.0	0.0	7.0			
21-06-2026_23:17	22-06-2026_04:00	22.9	0.0	3.2	24.0	0.0	8.0			
22-06-2026_04:45	22-06-2026_05:00	22.8	0.0	6.2	23.0	0.0	12.0			
22-06-2026_04:45	22-06-2026_06:00	22.2	0.0	10.5	23.0	0.0	12.0			
22-06-2026_04:45	22-06-2026_07:00	21.5	0.0	12.3	22.0	0.0	13.0			
22-06-2026_04:45	22-06-2026_08:00	21.3	0.0	12.2	22.0	0.0	15.0			
22-06-2026_04:45	22-06-2026_09:00	21.7	0.0	11.2	23.0	0.0	12.0			
22-06-2026_04:45	22-06-2026_10:00	22.4	0.0	10.8	25.0	0.0	11.0			
22-06-2026_10:41	22-06-2026_11:00	23.6	0.0	10.3	26.0	0.0	11.0			
22-06-2026_10:41	22-06-2026_12:00	25.0	0.0	10.0	25.0	0.0	13.0			
22-06-2026_10:41	22-06-2026_13:00	25.8	0.0	11.5	26.0	0.0	17.0			
22-06-2026_10:41	22-06-2026_14:00	26.2	0.0	11.5	27.0	0.0	22.0			
22-06-2026_10:41	22-06-2026_15:00	26.6	0.0	12.0	28.0	0.0	21.0			
22-06-2026_15:54	22-06-2026_16:00	25.7	0.0	12.4	29.0	0.0	19.0			
22-06-2026_15:54	22-06-2026_17:00	25.8	0.0	11.8	28.0	0.0	16.0			
22-06-2026_15:54	22-06-2026_18:00	25.6	0.0	11.0	28.0	0.0	13.0			
22-06-2026_15:54	22-06-2026_19:00	24.9	0.0	10.1	27.0	0.0	12.0			
22-06-2026_19:32	22-06-2026_20:00	24.4	0.0	6.8	26.0	0.0	8.0			
22-06-2026_19:32	22-06-2026_21:00	23.9	0.0	6.9	25.0	0.0	11.0			
22-06-2026_19:32	22-06-2026_22:00	23.3	0.0	6.4	25.0	0.0	8.0			
22-06-2026_22:05	22-06-2026_23:00				24.0	0.0	7.0			
22-06-2026_22:05	23-06-2026_00:00	22.7	0.0	3.3	24.0	0.0	2.0			
23-06-2026_00:09	23-06-2026_01:00	23.5	0.0	4.2	25.0	0.0	2.0			
23-06-2026_00:09	23-06-2026_02:00	23.2	0.0	4.3	25.0	0.0	6.0			
23-06-2026_00:09	23-06-2026_03:00	22.8	0.0	4.2	25.0	0.0	8.0			
23-06-2026_00:09	23-06-2026_04:00	22.5	0.0	3.5	24.0	0.0	5.0			
23-06-2026_00:09	23-06-2026_05:00	22.4	0.0	5.0	24.0	0.0	4.0			
23-06-2026_05:04	23-06-2026_06:00	22.5	0.0	4.7	24.0	0.0	6.0			
23-06-2026_05:04	23-06-2026_07:00	22.3	0.0	4.7	24.0	0.0	8.0			
23-06-2026_05:04	23-06-2026_08:00	22.3	0.0	5.1	23.0	0.0	6.0			
23-06-2026_05:04	23-06-2026_09:00	23.0	0.0	4.6	25.0	0.0	5.0			
23-06-2026_09:46	23-06-2026_10:00	24.1	0.0	5.5	26.0	0.0	5.0			
23-06-2026_09:46	23-06-2026_11:00	25.5	0.0	5.2	27.0	0.0	13.0			
23-06-2026_09:46	23-06-2026_12:00	27.5	0.0	13.4	28.0	0.0	26.0			
23-06-2026_12:35	23-06-2026_13:00	26.3	0.0	17.9	26.0	0.0	25.0			
23-06-2026_12:35	23-06-2026_14:00	25.7	0.0	19.1	27.0	0.0	25.0			
23-06-2026_12:35	23-06-2026_15:00	25.2	0.0	20.4	27.0	0.0	22.0			
23-06-2026_15:50	23-06-2026_16:00	24.6	0.0	19.0	28.0	0.0	20.0			
23-06-2026_15:50	23-06-2026_17:00	24.6	0.0	18.7	28.0	0.0	17.0			
23-06-2026_17:59	23-06-2026_18:00	24.5	0.0	16.0	27.0	0.0	14.0			
23-06-2026_17:59	23-06-2026_19:00	24.2	0.0	13.6	27.0	0.0	12.0			
23-06-2026_17:59	23-06-2026_20:00	23.8	0.0	10.8	27.0	0.0	12.0			
23-06-2026_20:18	23-06-2026_21:00	23.2	0.0	10.0	25.0	0.0	11.0			
23-06-2026_20:18	23-06-2026_22:00	22.5	0.0	9.5	24.0	0.0	9.0			
23-06-2026_22:16	23-06-2026_23:00				23.0	0.0	10.0			
23-06-2026_22:16	24-06-2026_00:00	21.9	0.0	9.4	23.0	0.0	14.0			
24-06-2026_00:00	24-06-2026_01:00	21.6	0.0	10.1	23.0	0.0	14.0			
24-06-2026_00:00	24-06-2026_02:00	21.3	0.0	9.5	22.0	0.0	14.0			
24-06-2026_00:00	24-06-2026_03:00	21.1	0.0	8.9	22.0	0.0	13.0			
24-06-2026_00:00	24-06-2026_04:00	20.9	0.0	8.2	21.0	0.0	11.0			
24-06-2026_00:00	24-06-2026_05:00	20.9	0.0	7.1	21.0	0.0	10.0			
24-06-2026_05:03	24-06-2026_06:00	21.1	0.0	4.3	21.0	0.0	5.0			
24-06-2026_05:03	24-06-2026_07:00	21.0	0.0	2.5	21.0	0.0	5.0			
24-06-2026_05:03	24-06-2026_08:00	21.1	0.0	3.3	21.0	0.0	6.0			
24-06-2026_05:03	24-06-2026_09:00	21.7	0.0	5.8	22.0	0.0	8.0			
24-06-2026_09:35	24-06-2026_10:00	22.4	0.0	7.6	24.0	0.0	10.0			
24-06-2026_09:35	24-06-2026_11:00	23.6	0.0	6.1	25.0	0.0	10.0			
24-06-2026_09:35	24-06-2026_12:00	25.7	0.0	3.6	24.0	0.0	9.0			
24-06-2026_12:20	24-06-2026_13:00	26.9	0.0	9.6	26.0	0.0	15.0			
24-06-2026_12:20	24-06-2026_14:00	25.5	0.0	14.5	25.0	0.0	22.0			
24-06-2026_12:20	24-06-2026_15:00	25.2	0.0	17.7	25.0	0.0	20.0			
24-06-2026_15:34	24-06-2026_16:00	24.8	0.0	18.7	26.0	0.0	19.0			
24-06-2026_15:34	24-06-2026_17:00	24.7	0.0	17.9	26.0	0.0	20.0			
24-06-2026_17:57	24-06-2026_18:00	23.8	0.0	18.5	25.0	0.0	21.0			
24-06-2026_17:57	24-06-2026_19:00	23.6	0.0	18.7	25.0	0.0	19.0			
24-06-2026_19:58	24-06-2026_20:00	23.2	0.0	18.0	24.0	0.0	19.0			
24-06-2026_19:58	24-06-2026_21:00	22.6	0.0	15.3	24.0	0.0	17.0			
24-06-2026_21:38	24-06-2026_22:00	22.2	0.0	14.1	23.0	0.0	20.0			
24-06-2026_21:38	24-06-2026_23:00	22.0	0.0	13.0	22.0	0.0	21.0			
24-06-2026_23:06	25-06-2026_00:00	22.0	0.0	11.3	22.0	0.0	18.0			
24-06-2026_23:06	25-06-2026_01:00	21.8	0.0	11.0	22.0	0.0	17.0			
24-06-2026_23:06	25-06-2026_02:00	21.7	0.0	12.0	21.0	0.0	16.0			
24-06-2026_23:06	25-06-2026_03:00	21.6	0.0	10.2	21.0	0.0	17.0			
25-06-2026_03:53	25-06-2026_04:00	21.6	0.0	5.6	20.0	0.0	17.0			
25-06-2026_03:53	25-06-2026_05:00	21.3	0.0	6.9	20.0	0.0	15.0			
25-06-2026_03:53	25-06-2026_06:00	21.2	0.0	5.1	20.0	0.0	12.0			
25-06-2026_03:53	25-06-2026_07:00	21.0	0.0	3.3	20.0	0.0	10.0			
25-06-2026_07:48	25-06-2026_08:00	20.9	0.0	3.7	21.0	0.0	10.0			
25-06-2026_07:48	25-06-2026_09:00	21.6	0.0	6.4	22.0	0.0	10.0			
25-06-2026_07:48	25-06-2026_10:00	22.2	0.0	10.5	23.0	0.0	11.0			
25-06-2026_10:45	25-06-2026_11:00	22.8	0.0	11.9	24.0	0.0	14.0			
25-06-2026_10:45	25-06-2026_12:00	23.5	0.0	13.4	24.0	0.0	15.0			
25-06-2026_10:45	25-06-2026_13:00	24.0	0.0	14.7	24.0	0.0	15.0			
25-06-2026_13:21	25-06-2026_14:00	24.6	0.0	16.8	25.0	0.0	18.0			
25-06-2026_13:21	25-06-2026_15:00	24.9	0.0	17.1	25.0	0.0	18.0			
25-06-2026_13:21	25-06-2026_16:00	24.8	0.0	17.2	25.0	0.0	19.0			
25-06-2026_16:27	25-06-2026_17:00	25.2	0.0	17.0	26.0	0.0	19.0			
25-06-2026_16:27	25-06-2026_18:00	24.8	0.0	16.5	25.0	0.0	19.0			
25-06-2026_16:27	25-06-2026_19:00	24.1	0.0	15.9	25.0	0.0	17.0			
25-06-2026_19:06	25-06-2026_20:00	23.5	0.0	14.8	25.0	0.0	17.0			
25-06-2026_19:06	25-06-2026_21:00	22.9	0.0	14.0	24.0	0.0	14.0			
25-06-2026_21:45	25-06-2026_22:00	22.3	0.0	11.9	24.0	0.0	14.0			
25-06-2026_21:45	25-06-2026_23:00	22.0	0.0	10.1	23.0	0.0	14.0			
25-06-2026_23:20	26-06-2026_00:00	22.1	0.0	7.6	23.0	0.0	12.0			
25-06-2026_23:20	26-06-2026_01:00	21.8	0.0	6.1	22.0	0.0	11.0			
25-06-2026_23:20	26-06-2026_02:00	21.6	0.0	5.5	22.0	0.0	10.0			
25-06-2026_23:20	26-06-2026_03:00	21.4	0.0	4.6	21.0	0.0	9.0			
26-06-2026_03:59	26-06-2026_04:00	21.3	0.0	3.7	21.0	0.0	9.0			
26-06-2026_03:59	26-06-2026_05:00	21.3	0.0	3.6	20.0	0.0	8.0			
26-06-2026_03:59	26-06-2026_06:00	21.2	0.0	4.0	20.0	0.0	9.0			
26-06-2026_03:59	26-06-2026_07:00	21.1	0.0	4.1	21.0	0.0	11.0			
26-06-2026_07:59	26-06-2026_08:00	21.0	0.0	4.0	21.0	0.0	10.0			
26-06-2026_07:59	26-06-2026_09:00	21.7	0.0	6.2	22.0	0.0	11.0			
26-06-2026_07:59	26-06-2026_10:00	22.5	0.0	7.4	23.0	0.0	10.0			
26-06-2026_07:59	26-06-2026_11:00	23.3	0.0	9.7	25.0	0.0	12.0			
26-06-2026_11:11	26-06-2026_12:00	24.4	0.0	11.6	24.0	0.0	16.0			
26-06-2026_11:11	26-06-2026_13:00	25.1	0.0	13.6	25.0	0.0	18.0			
26-06-2026_11:11	26-06-2026_14:00	25.5	0.0	14.5	25.0	0.0	20.0			
26-06-2026_14:30	26-06-2026_15:00	25.9	0.0	17.0	25.0	0.0	19.0			
26-06-2026_14:30	26-06-2026_16:00	25.9	0.0	18.3	25.0	0.0	18.0			
26-06-2026_14:30	26-06-2026_17:00	25.8	0.0	18.9	25.0	0.0	19.0			
26-06-2026_17:01	26-06-2026_18:00	25.1	0.0	19.2	25.0	0.0	20.0			
26-06-2026_17:01	26-06-2026_19:00	24.7	0.0	18.2	25.0	0.0	21.0			
26-06-2026_19:52	26-06-2026_20:00	23.9	0.0	14.9	25.0	0.0	23.0			
26-06-2026_19:52	26-06-2026_21:00	23.2	0.0	14.0	24.0	0.0	23.0			
26-06-2026_21:21	26-06-2026_22:00	22.5	0.0	12.9	23.0	0.0	22.0			
26-06-2026_21:21	26-06-2026_23:00	22.2	0.0	10.8	22.0	0.0	18.0			
26-06-2026_23:09	27-06-2026_00:00	22.2	0.0	8.6	22.0	0.0	12.0			
26-06-2026_23:09	27-06-2026_01:00	22.0	0.0	6.2	22.0	0.0	10.0			
26-06-2026_23:09	27-06-2026_02:00	21.9	0.0	4.7	21.0	0.0	7.0			
26-06-2026_23:09	27-06-2026_03:00	21.9	0.0	3.5	21.0	0.0	6.0			
27-06-2026_03:42	27-06-2026_04:00	21.5	0.0	2.6	21.0	0.0	3.0			
27-06-2026_03:42	27-06-2026_05:00	21.6	0.0	1.1	21.0	0.0	6.0			
27-06-2026_03:42	27-06-2026_06:00	21.7	0.0	2.2	21.0	0.0	6.0			
27-06-2026_06:54	27-06-2026_07:00	20.9	0.0	4.0	21.0	0.0	4.0			
27-06-2026_06:54	27-06-2026_08:00	20.6	0.0	3.4	21.0	0.0	4.0			
27-06-2026_06:54	27-06-2026_09:00	21.8	0.0	2.9	22.0	0.0	4.0			
27-06-2026_09:30	27-06-2026_10:00	23.2	0.0	2.6	23.0	0.0	8.0			
27-06-2026_09:30	27-06-2026_11:00	24.5	0.0	5.4	25.0	0.0	11.0			
27-06-2026_11:36	27-06-2026_12:00	25.4	0.0	10.1	25.0	0.0	12.0			
27-06-2026_11:36	27-06-2026_13:00	25.8	0.0	13.4	25.0	0.0	12.0			
27-06-2026_13:48	27-06-2026_14:00	26.1	0.0	15.9	25.0	0.0	14.0			
27-06-2026_13:48	27-06-2026_15:00	26.3	0.0	17.9	25.0	0.0	16.0			
27-06-2026_15:17	27-06-2026_16:00	26.4	0.0	18.3	26.0	0.0	16.0			
27-06-2026_15:17	27-06-2026_17:00	26.3	0.0	18.3	26.0	0.0	19.0			
27-06-2026_17:13	27-06-2026_18:00	26.0	0.0	17.0	26.0	0.0	21.0			
27-06-2026_17:13	27-06-2026_19:00	25.5	0.0	15.9	26.0	0.0	22.0			
27-06-2026_19:26	27-06-2026_20:00				25.0	0.0	23.0			
27-06-2026_19:26	27-06-2026_21:00				24.0	0.0	16.0			
27-06-2026_21:07	27-06-2026_22:00	23.3	0.0	8.6	24.0	0.0	12.0			
27-06-2026_21:07	27-06-2026_23:00	23.2	0.0	4.4	23.0	0.0	6.0			
27-06-2026_23:04	28-06-2026_00:00	23.0	0.0	1.5	23.0	0.0	5.0			
27-06-2026_23:04	28-06-2026_01:00	22.8	0.0	1.8	22.0	0.0	5.0			
27-06-2026_23:04	28-06-2026_02:00	22.6	0.0	3.3	22.0	0.0	10.0			
27-06-2026_23:04	28-06-2026_03:00	22.0	0.0	4.1	22.0	0.0	9.0			
27-06-2026_23:04	28-06-2026_04:00	21.9	0.0	2.9	21.0	0.0	6.0			
28-06-2026_04:06	28-06-2026_05:00	21.7	0.0	3.1	21.0	0.0	6.0			
28-06-2026_04:06	28-06-2026_06:00	21.5	0.0	5.6	21.0	0.0	4.0			
28-06-2026_04:06	28-06-2026_07:00	21.3	0.0	5.5	21.0	0.0	5.0			
28-06-2026_04:06	28-06-2026_08:00	21.4	0.0	5.8	21.0	0.0	5.0			
28-06-2026_08:23	28-06-2026_09:00	22.6	0.0	6.8	23.0	0.0	4.0			
28-06-2026_08:23	28-06-2026_10:00	23.9	0.0	7.6	24.0	0.0	4.0			
28-06-2026_08:23	28-06-2026_11:00	25.0	0.0	6.9	25.0	0.0	5.0			
28-06-2026_11:09	28-06-2026_12:00	26.0	0.0	8.3	25.0	0.0	9.0			
28-06-2026_11:09	28-06-2026_13:00	26.6	0.0	11.0	26.0	0.0	13.0			
28-06-2026_13:52	28-06-2026_14:00	26.8	0.0	13.9	26.0	0.0	16.0			
28-06-2026_13:52	28-06-2026_15:00	27.0	0.0	15.2	26.0	0.0	16.0			
28-06-2026_15:19	28-06-2026_16:00	27.3	0.0	16.2	26.0	0.0	16.0			
28-06-2026_15:19	28-06-2026_17:00	27.5	0.0	16.9	26.0	0.0	17.0			
28-06-2026_17:16	28-06-2026_18:00	26.9	0.0	16.6	26.0	0.0	19.0			
28-06-2026_17:16	28-06-2026_19:00	26.3	0.0	15.5	26.0	0.0	19.0			
28-06-2026_19:24	28-06-2026_20:00	25.2	0.0	14.0	26.0	0.0	20.0			
28-06-2026_19:24	28-06-2026_21:00	24.3	0.0	11.2	25.0	0.0	22.0			
28-06-2026_21:04	28-06-2026_22:00	23.7	0.0	7.2	24.0	0.0	16.0			
28-06-2026_21:04	28-06-2026_23:00	23.4	0.0	2.7	23.0	0.0	7.0			
28-06-2026_23:05	29-06-2026_00:00	22.9	0.0	3.2	23.0	0.0	5.0			
28-06-2026_23:05	29-06-2026_01:00	22.2	0.0	4.7	23.0	0.0	9.0			
28-06-2026_23:05	29-06-2026_02:00	22.1	0.0	5.8	23.0	0.0	14.0			
28-06-2026_23:05	29-06-2026_03:00	22.0	0.0	6.2	22.0	0.0	15.0			
28-06-2026_23:05	29-06-2026_04:00	21.9	0.0	6.3	22.0	0.0	15.0			
29-06-2026_04:13	29-06-2026_05:00	21.4	0.0	6.4	22.0	0.0	7.0			
29-06-2026_04:13	29-06-2026_06:00	21.1	0.0	5.7	21.0	0.0	11.0			
29-06-2026_04:13	29-06-2026_07:00	20.7	0.0	5.0	21.0	0.0	10.0			
29-06-2026_04:13	29-06-2026_08:00	20.7	0.0	4.5	21.0	0.0	11.0			
29-06-2026_04:13	29-06-2026_09:00	21.9	0.0	4.7	22.0	0.0	11.0			
29-06-2026_09:49	29-06-2026_10:00	23.7	0.0	4.5	24.0	0.0	8.0			
29-06-2026_09:49	29-06-2026_11:00	25.8	0.0	1.8	26.0	0.0	5.0			
29-06-2026_09:49	29-06-2026_12:00	27.8	0.0	1.9	25.0	0.0	9.0			
29-06-2026_09:49	29-06-2026_13:00	29.3	0.0	5.9	27.0	0.0	14.0			
29-06-2026_09:49	29-06-2026_14:00	28.8	0.0	10.8	27.0	0.0	13.0			
29-06-2026_14:06	29-06-2026_15:00	28.8	0.0	10.8	27.0	0.0	14.0			
29-06-2026_14:06	29-06-2026_16:00	29.2	0.0	11.6	27.0	0.0	13.0			
29-06-2026_14:06	29-06-2026_17:00	29.2	0.0	14.0	28.0	0.0	13.0			
29-06-2026_17:39	29-06-2026_18:00	29.1	0.0	12.7	28.0	0.0	13.0			
29-06-2026_17:39	29-06-2026_19:00	28.6	0.0	11.9	27.0	0.0	12.0			
29-06-2026_17:39	29-06-2026_20:00	27.9	0.0	10.5	27.0	0.0	10.0			
29-06-2026_20:01	29-06-2026_21:00	26.9	0.0	8.4	27.0	0.0	8.0			
29-06-2026_20:01	29-06-2026_22:00	25.9	0.0	5.7	26.0	0.0	5.0			
29-06-2026_22:10	29-06-2026_23:00				26.0	0.0	3.0			
29-06-2026_22:10	30-06-2026_00:00	24.9	0.0	0.0	26.0	0.0	5.0			
30-06-2026_00:06	30-06-2026_01:00	24.3	0.0	0.0	25.0	0.0	9.0			
30-06-2026_00:06	30-06-2026_02:00	24.6	0.0	2.3	25.0	0.0	13.0			
30-06-2026_00:06	30-06-2026_03:00	23.9	0.0	4.7	25.0	0.0	17.0			
30-06-2026_00:06	30-06-2026_04:00	23.7	0.0	5.1	26.0	0.0	10.0			
30-06-2026_00:06	30-06-2026_05:00	23.8	0.0	4.4	26.0	0.0	12.0			
30-06-2026_05:06	30-06-2026_06:00	23.7	0.0	5.6	26.0	0.0	9.0			
30-06-2026_05:06	30-06-2026_07:00	23.7	0.0	6.5	26.0	0.0	3.0			
30-06-2026_05:06	30-06-2026_08:00	23.9	0.0	6.6	26.0	0.0	8.0			
30-06-2026_05:06	30-06-2026_09:00	25.4	0.0	7.2	27.0	0.0	15.0			
30-06-2026_09:42	30-06-2026_10:00	27.7	0.0	10.2	29.0	0.0	18.0			
30-06-2026_09:42	30-06-2026_11:00	29.9	0.0	12.3	31.0	0.0	17.0			
30-06-2026_09:42	30-06-2026_12:00	31.7	0.0	14.6	31.0	0.0	19.0			
30-06-2026_12:11	30-06-2026_13:00	33.6	0.0	19.5	32.0	0.0	23.0			
30-06-2026_12:11	30-06-2026_14:00	34.6	0.0	20.9	33.0	0.0	22.0			
30-06-2026_12:11	30-06-2026_15:00	35.3	0.0	19.6	33.0	0.0	22.0			
30-06-2026_15:33	30-06-2026_16:00	35.9	0.0	16.2	32.0	0.0	19.0			
30-06-2026_15:33	30-06-2026_17:00	36.0	0.0	11.6	32.0	0.0	16.0			
30-06-2026_17:58	30-06-2026_18:00	35.1	0.0	1.1	31.0	0.0	14.0			
30-06-2026_17:58	30-06-2026_19:00	33.3	0.0	0.4	30.0	0.0	13.0			
30-06-2026_17:58	30-06-2026_20:00	33.3	0.0	7.4	30.0	0.0	13.0			
30-06-2026_20:10	30-06-2026_21:00	31.9	0.0	13.5	31.0	0.0	9.0			
30-06-2026_20:10	30-06-2026_22:00	30.1	0.0	6.2	27.0	0.0	4.0			
30-06-2026_22:16	30-06-2026_23:00				27.0	0.0	8.0			
30-06-2026_22:16	01-07-2026_00:00	27.6	0.0	3.1	27.0	0.0	6.0			
01-07-2026_00:08	01-07-2026_01:00	26.9	0.0	2.5	27.0	0.0	11.0			
01-07-2026_00:08	01-07-2026_02:00	26.2	0.0	5.8	26.0	0.0	3.0			
01-07-2026_00:08	01-07-2026_03:00	25.3	0.0	3.1	26.0	0.0	13.0			
01-07-2026_00:08	01-07-2026_04:00	25.2	0.0	10.5	25.0	0.0	16.0			
01-07-2026_00:08	01-07-2026_05:00	25.7	0.0	12.4	25.0	0.0	16.0			
01-07-2026_05:23	01-07-2026_06:00	25.9	0.0	16.6	25.0	0.0	12.0			
01-07-2026_05:23	01-07-2026_07:00	25.9	0.0	14.2	25.0	0.0	16.0			
01-07-2026_05:23	01-07-2026_08:00	25.9	0.0	11.7	26.0	0.0	15.0			
01-07-2026_05:23	01-07-2026_09:00	27.1	0.0	10.5	27.0	0.0	17.0			
01-07-2026_09:53	01-07-2026_10:00	29.3	0.0	13.0	30.0	0.0	21.0			
01-07-2026_09:53	01-07-2026_11:00	31.7	0.0	14.4	32.0	0.0	21.0			
01-07-2026_09:53	01-07-2026_12:00	33.8	0.0	13.3	33.0	0.0	18.0			
01-07-2026_12:35	01-07-2026_13:00	36.0	0.0	11.2	35.0	0.0	19.0			
01-07-2026_12:35	01-07-2026_14:00	37.0	0.0	9.6	34.0	0.0	18.0			
01-07-2026_12:35	01-07-2026_15:00	37.8	0.0	5.0	34.0	0.0	16.0			
01-07-2026_15:44	01-07-2026_16:00	36.8	0.0	6.1	34.0	0.0	16.0			
01-07-2026_15:44	01-07-2026_17:00	35.9	0.0	3.6	34.0	0.0	13.0			
01-07-2026_17:59	01-07-2026_18:00	35.8	0.0	3.6	35.0	0.0	9.0			
01-07-2026_17:59	01-07-2026_19:00	36.4	0.0	9.1	30.0	0.0	8.0			
01-07-2026_17:59	01-07-2026_20:00	35.1	0.0	14.7	31.0	0.0	7.0			
01-07-2026_20:06	01-07-2026_21:00	32.7	0.0	17.4	31.0	0.0	10.0			
01-07-2026_20:06	01-07-2026_22:00	30.5	0.0	12.8	29.0	0.0	7.0			
01-07-2026_22:19	01-07-2026_23:00				28.0	0.0	7.0			
01-07-2026_22:19	02-07-2026_00:00	28.8	0.0	1.6	28.0	0.0	8.0			
02-07-2026_00:11	02-07-2026_01:00	27.5	0.0	3.1	27.0	0.0	5.0			
02-07-2026_00:11	02-07-2026_02:00	26.8	0.0	3.5	27.0	0.0	6.0			
02-07-2026_00:11	02-07-2026_03:00	25.8	0.0	4.1	26.0	0.0	7.0			
02-07-2026_00:11	02-07-2026_04:00	25.2	0.0	4.7	26.0	0.0	11.0			
02-07-2026_04:59	02-07-2026_05:00	25.3	0.0	4.2	25.0	0.0	11.0			
02-07-2026_04:59	02-07-2026_06:00	25.0	0.0	3.9	25.0	0.0	8.0			
02-07-2026_04:59	02-07-2026_07:00	24.9	0.0	3.7	26.0	0.0	7.0			
02-07-2026_04:59	02-07-2026_08:00	24.9	0.0	4.1	26.0	0.0	12.0			
02-07-2026_08:19	02-07-2026_09:00	27.6	0.0	7.6	28.0	0.0	21.0			
02-07-2026_08:19	02-07-2026_10:00	30.1	0.0	18.1	30.0	0.0	25.0			
02-07-2026_08:19	02-07-2026_11:00	31.6	0.0	24.6	32.0	0.0	30.0			
02-07-2026_11:36	02-07-2026_12:00	32.8	0.0	28.9	33.0	0.0	31.0			
02-07-2026_11:36	02-07-2026_13:00	33.9	0.0	28.5	34.0	0.0	31.0			
02-07-2026_11:36	02-07-2026_14:00	34.9	0.0	29.6	36.0	0.0	32.0			
02-07-2026_14:07	02-07-2026_15:00	35.5	0.0	29.2	36.0	0.0	31.0			
02-07-2026_14:07	02-07-2026_16:00	35.7	0.0	28.8	36.0	0.0	30.0			
02-07-2026_16:51	02-07-2026_17:00	35.6	0.0	27.7	35.0	0.0	30.0			
02-07-2026_16:51	02-07-2026_18:00	35.1	0.0	27.1	34.0	0.0	31.0			
02-07-2026_18:26	02-07-2026_19:00	33.7	0.0	27.4	33.0	0.0	32.0			
02-07-2026_18:26	02-07-2026_20:00	32.1	0.0	25.9	32.0	0.0	29.0			
02-07-2026_20:20	02-07-2026_21:00	30.2	0.0	25.1	30.0	0.0	29.0			
02-07-2026_20:20	02-07-2026_22:00	28.3	0.0	23.2	28.0	0.0	29.0			
02-07-2026_22:09	02-07-2026_23:00				26.0	0.0	33.0			
02-07-2026_22:09	03-07-2026_00:00	26.6	0.0	25.1	26.0	0.0	34.0			
03-07-2026_00:08	03-07-2026_01:00	26.5	0.0	26.7	26.0	0.0	37.0			
03-07-2026_00:08	03-07-2026_02:00	26.4	0.0	28.3	26.0	0.0	39.0			
03-07-2026_00:08	03-07-2026_03:00	26.2	0.0	28.6	26.0	0.0	42.0			
03-07-2026_00:08	03-07-2026_04:00	26.1	0.0	27.8	26.0	0.0	42.0			
03-07-2026_05:01	03-07-2026_05:00				26.0	0.0	39.0			
03-07-2026_05:01	03-07-2026_06:00				26.0	0.0	40.0			
03-07-2026_05:01	03-07-2026_07:00				26.0	0.0	37.0			
03-07-2026_05:01	03-07-2026_08:00				26.0	0.0	36.0			
03-07-2026_08:11	03-07-2026_09:00	27.5	0.0	28.7	27.0	0.0	39.0			
03-07-2026_08:11	03-07-2026_10:00	28.9	0.0	31.1	29.0	0.0	42.0			
03-07-2026_08:11	03-07-2026_11:00	30.3	0.0	34.8	31.0	0.0	43.0			
03-07-2026_11:34	03-07-2026_12:00	31.5	0.0	39.1	32.0	0.0	45.0			
03-07-2026_11:34	03-07-2026_13:00	32.4	0.0	38.3	33.0	0.0	45.0			
03-07-2026_11:34	03-07-2026_14:00	33.1	0.0	38.1	34.0	0.0	44.0			
03-07-2026_14:29	03-07-2026_15:00				34.0	0.0	43.0			
03-07-2026_14:29	03-07-2026_16:00				34.0	0.0	42.0			
03-07-2026_16:27	03-07-2026_17:00	33.5	0.0	37.4	34.0	0.0	42.0			
03-07-2026_16:27	03-07-2026_18:00	33.0	0.0	36.4	33.0	0.0	41.0			
03-07-2026_18:14	03-07-2026_19:00	32.2	0.0	35.2	32.0	0.0	42.0			
03-07-2026_18:14	03-07-2026_20:00	31.2	0.0	33.1	31.0	0.0	42.0			
03-07-2026_20:16	03-07-2026_21:00	29.6	0.0	32.4	30.0	0.0	41.0			
03-07-2026_20:16	03-07-2026_22:00	28.1	0.0	33.0	28.0	0.0	41.0			
03-07-2026_22:06	03-07-2026_23:00				27.0	0.0	39.0			
03-07-2026_22:06	04-07-2026_00:00	27.1	0.0	29.5	26.0	0.0	40.0			
04-07-2026_00:24	04-07-2026_01:00				26.0	0.0	42.0			
04-07-2026_00:24	04-07-2026_02:00				26.0	0.0	43.0			
04-07-2026_00:24	04-07-2026_03:00				26.0	0.0	43.0			
04-07-2026_00:24	04-07-2026_04:00				26.0	0.0	41.0			
04-07-2026_04:37	04-07-2026_05:00	26.3	0.0	21.0	26.0	0.0	38.0			
04-07-2026_04:37	04-07-2026_06:00	26.1	0.0	18.7	26.0	0.0	18.0			
04-07-2026_04:37	04-07-2026_07:00	25.8	0.0	17.8	26.0	0.0	18.0			
04-07-2026_07:48	04-07-2026_08:00	25.9	0.0	18.8	25.0	0.0	20.0			
04-07-2026_07:48	04-07-2026_09:00	26.8	0.0	21.6	27.0	0.0	25.0			
04-07-2026_07:48	04-07-2026_10:00	28.4	0.0	26.8	28.0	0.0	30.0			
04-07-2026_10:13	04-07-2026_11:00	30.1	0.0	30.5	30.0	0.0	30.0			
04-07-2026_10:13	04-07-2026_12:00	31.4	0.0	31.5	31.0	0.0	31.0			
04-07-2026_12:08	04-07-2026_13:00	32.5	0.0	31.5	33.0	0.0	32.0			
04-07-2026_12:08	04-07-2026_14:00	33.4	0.0	30.5	34.0	0.0	35.0			
04-07-2026_14:39	04-07-2026_15:00	34.0	0.0	30.1	34.0	0.0	34.0			
04-07-2026_14:39	04-07-2026_16:00	34.4	0.0	29.7	35.0	0.0	32.0			
04-07-2026_16:05	04-07-2026_17:00	34.2	0.0	30.7	35.0	0.0	33.0			
04-07-2026_16:05	04-07-2026_18:00	33.8	0.0	30.6	34.0	0.0	35.0			
04-07-2026_18:03	04-07-2026_19:00	32.6	0.0	28.5	33.0	0.0	34.0			
04-07-2026_18:03	04-07-2026_20:00	31.1	0.0	26.3	32.0	0.0	34.0			
04-07-2026_20:10	04-07-2026_21:00	29.5	0.0	25.1	30.0	0.0	28.0			
04-07-2026_20:10	04-07-2026_22:00	27.9	0.0	22.8	29.0	0.0	27.0			
04-07-2026_22:00	04-07-2026_23:00				27.0	0.0	27.0			
04-07-2026_22:00	05-07-2026_00:00	27.0	0.0	21.3	27.0	0.0	26.0			
05-07-2026_00:03	05-07-2026_01:00	26.9	0.0	24.2	27.0	0.0	28.0			
05-07-2026_00:03	05-07-2026_02:00	26.9	0.0	22.3	27.0	0.0	36.0			
05-07-2026_00:03	05-07-2026_03:00	26.8	0.0	19.7	26.0	0.0	38.0			
05-07-2026_00:03	05-07-2026_04:00	26.7	0.0	16.4	27.0	0.0	38.0			
05-07-2026_04:58	05-07-2026_05:00	26.5	0.0	16.3	27.0	0.0	26.0			
05-07-2026_04:58	05-07-2026_06:00	26.2	0.0	12.6	26.0	0.0	21.0			
05-07-2026_04:58	05-07-2026_07:00	25.7	0.0	8.9	26.0	0.0	18.0			
05-07-2026_04:58	05-07-2026_08:00	25.3	0.0	6.0	25.0	0.0	16.0			
05-07-2026_08:08	05-07-2026_09:00	26.3	0.0	8.0	27.0	0.0	14.0			
05-07-2026_08:08	05-07-2026_10:00	28.7	0.0	18.2	29.0	0.0	22.0			
05-07-2026_08:08	05-07-2026_11:00	30.4	0.0	25.3	30.0	0.0	26.0			
05-07-2026_11:06	05-07-2026_12:00	31.6	0.0	27.7	32.0	0.0	28.0			
05-07-2026_11:06	05-07-2026_13:00	32.8	0.0	28.5	33.0	0.0	31.0			
05-07-2026_13:45	05-07-2026_14:00	33.4	0.0	31.4	34.0	0.0	32.0			
05-07-2026_13:45	05-07-2026_15:00	33.9	0.0	33.2	35.0	0.0	34.0			
05-07-2026_15:14	05-07-2026_16:00	34.2	0.0	33.7	35.0	0.0	35.0			
05-07-2026_15:14	05-07-2026_17:00	34.4	0.0	33.6	35.0	0.0	35.0			
05-07-2026_17:14	05-07-2026_18:00	33.9	0.0	31.9	34.0	0.0	34.0			
05-07-2026_17:14	05-07-2026_19:00	32.4	0.0	29.6	33.0	0.0	32.0			
05-07-2026_19:21	05-07-2026_20:00	30.8	0.0	28.4	32.0	0.0	32.0			
05-07-2026_19:21	05-07-2026_21:00	29.5	0.0	27.2	30.0	0.0	33.0			
05-07-2026_21:04	05-07-2026_22:00	28.1	0.0	24.2	29.0	0.0	30.0			
05-07-2026_21:04	05-07-2026_23:00	27.4	0.0	20.4	27.0	0.0	30.0			
05-07-2026_23:03	06-07-2026_00:00	27.0	0.0	19.5	27.0	0.0	32.0			
05-07-2026_23:03	06-07-2026_01:00	26.8	0.0	20.0	27.0	0.0	32.0			
05-07-2026_23:03	06-07-2026_02:00	26.8	0.0	18.9	27.0	0.0	32.0			
05-07-2026_23:03	06-07-2026_03:00	26.5	0.0	13.4	26.0	0.0	27.0			
06-07-2026_03:50	06-07-2026_04:00	25.8	0.0	7.9	26.0	0.0	19.0			
06-07-2026_03:50	06-07-2026_05:00	24.9	0.0	4.6	26.0	0.0	15.0			
06-07-2026_03:50	06-07-2026_06:00	24.4	0.0	5.2	26.0	0.0	13.0			
06-07-2026_03:50	06-07-2026_07:00	24.1	0.0	6.9	25.0	0.0	14.0			
06-07-2026_03:50	06-07-2026_08:00	24.2	0.0	7.6	26.0	0.0	17.0			
06-07-2026_08:23	06-07-2026_09:00	25.9	0.0	11.2	27.0	0.0	16.0			
06-07-2026_08:23	06-07-2026_10:00	28.5	0.0	18.9	29.0	0.0	22.0			
06-07-2026_08:23	06-07-2026_11:00	30.6	0.0	22.4	31.0	0.0	25.0			
06-07-2026_08:23	06-07-2026_12:00	32.6	0.0	24.9	32.0	0.0	27.0			
06-07-2026_12:50	06-07-2026_13:00	34.3	0.0	26.1	33.0	0.0	27.0			
06-07-2026_12:50	06-07-2026_14:00	35.7	0.0	27.2	35.0	0.0	26.0			
06-07-2026_12:50	06-07-2026_15:00	36.5	0.0	27.9	35.0	0.0	24.0			
06-07-2026_12:50	06-07-2026_16:00	36.8	0.0	27.5	35.0	0.0	24.0			
06-07-2026_16:22	06-07-2026_17:00	36.4	0.0	27.9	36.0	0.0	24.0			
06-07-2026_16:22	06-07-2026_18:00	36.0	0.0	26.4	34.0	0.0	23.0			
06-07-2026_18:57	06-07-2026_19:00	35.1	0.0	25.3	33.0	0.0	26.0			
06-07-2026_18:57	06-07-2026_20:00	33.7	0.0	19.9	32.0	0.0	21.0			
06-07-2026_20:55	06-07-2026_21:00	32.1	0.0	12.9	31.0	0.0	12.0			
06-07-2026_20:55	06-07-2026_22:00	30.0	0.0	6.4	29.0	0.0	6.0			
06-07-2026_22:15	06-07-2026_23:00				27.0	0.0	10.0			
06-07-2026_22:15	07-07-2026_00:00	26.9	0.0	3.9	27.0	0.0	17.0			
07-07-2026_00:10	07-07-2026_01:00	26.0	0.0	2.4	26.0	0.0	22.0			
07-07-2026_00:10	07-07-2026_02:00	24.6	0.0	4.2	26.0	0.0	10.0			
07-07-2026_00:10	07-07-2026_03:00	23.3	0.0	5.8	25.0	0.0	12.0			
07-07-2026_00:10	07-07-2026_04:00	22.8	0.0	5.6	25.0	0.0	9.0			
07-07-2026_04:54	07-07-2026_05:00	23.1	0.0	6.1	24.0	0.0	9.0			
07-07-2026_04:54	07-07-2026_06:00	23.0	0.0	5.9	24.0	0.0	10.0			
07-07-2026_04:54	07-07-2026_07:00	22.7	0.0	5.2	24.0	0.0	8.0			
07-07-2026_04:54	07-07-2026_08:00	22.4	0.0	5.4	24.0	0.0	7.0			
07-07-2026_08:24	07-07-2026_09:00	24.6	0.0	5.5	26.0	0.0	14.0			
07-07-2026_08:24	07-07-2026_10:00	28.9	0.0	9.6	29.0	0.0	21.0			
07-07-2026_08:24	07-07-2026_11:00	31.9	0.0	14.9	32.0	0.0	18.0			
07-07-2026_11:52	07-07-2026_12:00	34.1	0.0	18.4	31.0	0.0	17.0			
07-07-2026_11:52	07-07-2026_13:00	35.6	0.0	18.1	35.0	0.0	11.0			
07-07-2026_11:52	07-07-2026_14:00	37.0	0.0	15.7	34.0	0.0	14.0			
07-07-2026_14:42	07-07-2026_15:00	37.9	0.0	10.3	34.0	0.0	11.0			
07-07-2026_14:42	07-07-2026_16:00	35.1	0.0	10.0	34.0	0.0	14.0			
07-07-2026_14:42	07-07-2026_17:00	32.5	0.0	13.3	33.0	0.0	14.0			
07-07-2026_17:18	07-07-2026_18:00	31.7	0.0	13.3	34.0	0.0	16.0			
07-07-2026_17:18	07-07-2026_19:00	30.9	0.0	13.6	29.0	0.0	15.0			
07-07-2026_19:59	07-07-2026_20:00	30.1	0.0	11.9	30.0	0.0	19.0			
07-07-2026_19:59	07-07-2026_21:00	29.1	0.0	10.7	29.0	0.0	14.0			
07-07-2026_21:36	07-07-2026_22:00	27.5	0.0	8.4	28.0	0.0	10.0			
07-07-2026_21:36	07-07-2026_23:00	26.5	0.0	6.3	26.0	0.0	7.0			
07-07-2026_23:04	08-07-2026_00:00	26.1	0.0	4.3	26.0	0.0	8.0			
07-07-2026_23:04	08-07-2026_01:00	25.5	0.0	3.8	25.0	0.0	8.0			
07-07-2026_23:04	08-07-2026_02:00	24.8	0.0	3.1	25.0	0.0	5.0			
08-07-2026_02:55	08-07-2026_03:00	23.8	0.0	2.3	24.0	0.0	6.0			
08-07-2026_02:55	08-07-2026_04:00	22.9	0.0	3.0	24.0	0.0	6.0			
08-07-2026_02:55	08-07-2026_05:00	22.0	0.0	3.6	24.0	0.0	8.0			
08-07-2026_05:54	08-07-2026_06:00	20.9	0.0	3.6	23.0	0.0	8.0			
08-07-2026_05:54	08-07-2026_07:00	20.5	0.0	3.4	22.0	0.0	11.0			
08-07-2026_05:54	08-07-2026_08:00	21.1	0.0	4.1	23.0	0.0	11.0			
08-07-2026_08:33	08-07-2026_09:00	23.6	0.0	4.3	26.0	0.0	10.0			
08-07-2026_08:33	08-07-2026_10:00	27.3	0.0	5.9	28.0	0.0	16.0			
08-07-2026_08:33	08-07-2026_11:00	29.7	0.0	8.5	31.0	0.0	8.0			
08-07-2026_11:07	08-07-2026_12:00	30.5	0.0	9.8	31.0	0.0	14.0			
08-07-2026_11:07	08-07-2026_13:00	29.6	0.0	15.3	31.0	0.0	16.0			
08-07-2026_11:07	08-07-2026_14:00	29.1	0.0	15.2	30.0	0.0	17.0			
08-07-2026_14:20	08-07-2026_15:00	29.4	0.0	16.3	31.0	0.0	17.0			
08-07-2026_14:20	08-07-2026_16:00	29.2	0.0	17.7	30.0	0.0	15.0			
08-07-2026_16:41	08-07-2026_17:00	28.6	0.0	18.8	29.0	0.0	14.0			
08-07-2026_16:41	08-07-2026_18:00	28.1	0.0	17.4	29.0	0.0	15.0			
08-07-2026_18:20	08-07-2026_19:00	27.2	0.0	14.8	28.0	0.0	14.0			
08-07-2026_18:20	08-07-2026_20:00	26.2	0.0	13.0	28.0	0.0	13.0			
08-07-2026_20:22	08-07-2026_21:00	25.4	0.0	10.6	27.0	0.0	13.0			
08-07-2026_20:22	08-07-2026_22:00	24.6	0.0	7.1	26.0	0.0	10.0			
08-07-2026_22:09	08-07-2026_23:00				25.0	0.0	8.0			
08-07-2026_22:09	09-07-2026_00:00	23.6	0.0	5.0	24.0	0.0	8.0			
09-07-2026_00:13	09-07-2026_01:00	22.8	0.0	5.4	24.0	0.0	8.0			
09-07-2026_00:13	09-07-2026_02:00	22.3	0.0	6.8	23.0	0.0	11.0			
09-07-2026_00:13	09-07-2026_03:00	22.2	0.0	7.8	24.0	0.0	16.0			
09-07-2026_00:13	09-07-2026_04:00	22.1	0.0	9.6	24.0	0.0	17.0			
09-07-2026_04:55	09-07-2026_05:00	22.3	0.0	10.1	24.0	0.0	13.0			
09-07-2026_04:55	09-07-2026_06:00	22.3	0.0	10.6	24.0	0.0	14.0			
09-07-2026_04:55	09-07-2026_07:00	22.1	0.0	11.7	23.0	0.0	15.0			
09-07-2026_04:55	09-07-2026_08:00	22.3	0.0	11.8	23.0	0.0	17.0			
09-07-2026_08:36	09-07-2026_09:00	23.0	0.0	14.7	24.0	0.0	19.0			
09-07-2026_08:36	09-07-2026_10:00	23.6	0.0	14.8	25.0	0.0	20.0			
09-07-2026_08:36	09-07-2026_11:00	24.3	0.0	15.5	26.0	0.0	19.0			
09-07-2026_08:36	09-07-2026_12:00	24.9	0.0	16.9	27.0	0.0	19.0			
09-07-2026_12:06	09-07-2026_13:00	25.5	0.0	18.5	28.0	0.0	19.0			
09-07-2026_12:06	09-07-2026_14:00	25.9	0.0	18.6	28.0	0.0	20.0			
09-07-2026_12:06	09-07-2026_15:00	26.0	0.0	19.1	28.0	0.0	20.0			
09-07-2026_15:57	09-07-2026_16:00	25.6	0.0	18.7	28.0	0.0	21.0			
09-07-2026_15:57	09-07-2026_17:00	25.2	0.0	18.6	27.0	0.0	21.0			
09-07-2026_15:57	09-07-2026_18:00	24.5	0.0	17.3	27.0	0.0	22.0			
09-07-2026_18:04	09-07-2026_19:00	24.4	0.0	16.1	26.0	0.0	21.0			
09-07-2026_18:04	09-07-2026_20:00	24.2	0.0	14.2	26.0	0.0	19.0			
09-07-2026_20:48	09-07-2026_21:00	23.7	0.0	12.8	25.0	0.0	16.0			
09-07-2026_20:48	09-07-2026_22:00	23.0	0.0	10.5	24.0	0.0	15.0			
09-07-2026_22:24	09-07-2026_23:00				23.0	0.0	15.0			
09-07-2026_22:24	10-07-2026_00:00	22.3	0.0	10.6	23.0	0.0	16.0			
10-07-2026_00:07	10-07-2026_01:00	21.9	0.0	11.3	22.0	0.0	16.0			
10-07-2026_00:07	10-07-2026_02:00	21.7	0.0	12.6	22.0	0.0	17.0			
10-07-2026_00:07	10-07-2026_03:00	21.3	0.0	13.9	22.0	0.0	21.0			
10-07-2026_00:07	10-07-2026_04:00	21.2	0.0	12.8	22.0	0.0	22.0			
10-07-2026_04:54	10-07-2026_05:00	20.9	0.0	13.2	22.0	0.0	22.0			
10-07-2026_04:54	10-07-2026_06:00	20.7	0.0	13.0	22.0	0.0	21.0			
10-07-2026_04:54	10-07-2026_07:00	20.7	0.0	12.2	22.0	0.0	21.0			
10-07-2026_04:54	10-07-2026_08:00	20.9	0.0	12.7	22.0	0.0	19.0			
10-07-2026_08:25	10-07-2026_09:00	21.6	0.0	14.5	22.0	0.0	19.0			
10-07-2026_08:25	10-07-2026_10:00	22.3	0.0	15.3	23.0	0.0	20.0			
10-07-2026_08:25	10-07-2026_11:00	23.2	0.0	16.1	24.0	0.0	20.0			
10-07-2026_11:54	10-07-2026_12:00	24.0	0.0	16.2	25.0	0.0	18.0			
10-07-2026_11:54	10-07-2026_13:00	24.7	0.0	16.0	26.0	0.0	17.0			
10-07-2026_11:54	10-07-2026_14:00	25.2	0.0	15.5	27.0	0.0	18.0			
10-07-2026_14:33	10-07-2026_15:00	25.7	0.0	15.2	27.0	0.0	17.0			
10-07-2026_14:33	10-07-2026_16:00	25.7	0.0	15.5	26.0	0.0	17.0			
10-07-2026_16:57	10-07-2026_17:00	25.5	0.0	15.8	26.0	0.0	17.0			
10-07-2026_16:57	10-07-2026_18:00	24.9	0.0	14.6	26.0	0.0	16.0			
10-07-2026_18:26	10-07-2026_19:00	24.5	0.0	14.8	25.0	0.0	17.0			
10-07-2026_18:26	10-07-2026_20:00	23.6	0.0	14.2	25.0	0.0	15.0			
10-07-2026_20:25	10-07-2026_21:00	22.8	0.0	12.8	25.0	0.0	14.0			
10-07-2026_20:25	10-07-2026_22:00	22.0	0.0	11.8	24.0	0.0	15.0			
10-07-2026_22:06	10-07-2026_23:00				23.0	0.0	19.0			
10-07-2026_22:06	11-07-2026_00:00	21.5	0.0	13.0	23.0	0.0	15.0			
11-07-2026_00:00	11-07-2026_01:00	21.1	0.0	12.4	23.0	0.0	20.0			
11-07-2026_00:00	11-07-2026_02:00	21.1	0.0	13.8	22.0	0.0	21.0			
11-07-2026_00:00	11-07-2026_03:00	21.1	0.0	14.3	22.0	0.0	20.0			
11-07-2026_00:00	11-07-2026_04:00	21.3	0.0	13.2	22.0	0.0	20.0			
11-07-2026_04:13	11-07-2026_05:00	21.6	0.0	12.5	22.0	0.0	19.0			
11-07-2026_04:13	11-07-2026_06:00	21.9	0.0	11.5	22.0	0.0	19.0			
11-07-2026_04:13	11-07-2026_07:00	22.1	0.0	10.8	22.0	0.0	18.0			
11-07-2026_07:11	11-07-2026_08:00	22.4	0.0	9.0	22.0	0.0	18.0			
11-07-2026_07:11	11-07-2026_09:00	23.0	0.0	10.0	23.0	0.0	18.0			
11-07-2026_09:39	11-07-2026_10:00	23.7	0.0	11.5	24.0	0.0	16.0			
11-07-2026_09:39	11-07-2026_11:00	24.5	0.0	13.3	25.0	0.0	16.0			
11-07-2026_11:07	11-07-2026_12:00	25.0	0.0	12.4	26.0	0.0	16.0			
11-07-2026_11:07	11-07-2026_13:00	25.6	0.0	12.4	26.0	0.0	15.0			
11-07-2026_13:25	11-07-2026_14:00	26.1	0.0	12.2	27.0	0.0	17.0			
11-07-2026_14:56	11-07-2026_15:00	26.4	0.0	13.2	27.0	0.0	17.0			
11-07-2026_14:56	11-07-2026_16:00	26.5	0.0	13.1	27.0	0.0	18.0			
11-07-2026_16:00	11-07-2026_17:00	25.5	0.0	15.3	26.0	0.0	18.0			
11-07-2026_17:09	11-07-2026_18:00	24.9	0.0	15.9	26.0	0.0	18.0			
11-07-2026_17:09	11-07-2026_19:00	24.2	0.0	14.8	25.0	0.0	16.0			
11-07-2026_19:07	11-07-2026_20:00	23.7	0.0	13.0	25.0	0.0	13.0			
11-07-2026_20:52	11-07-2026_21:00	23.2	0.0	11.2	24.0	0.0	15.0			
11-07-2026_21:52	11-07-2026_22:00	23.1	0.0	9.1	23.0	0.0	13.0			
11-07-2026_22:52	11-07-2026_23:00				22.0	0.0	13.0			
11-07-2026_23:57	12-07-2026_00:00	22.4	0.0	7.6	22.0	0.0	13.0			
11-07-2026_23:57	12-07-2026_01:00	22.1	0.0	6.2	22.0	0.0	12.0			
11-07-2026_23:57	12-07-2026_02:00	21.9	0.0	5.4	22.0	0.0	13.0			
11-07-2026_23:57	12-07-2026_03:00	21.8	0.0	5.2	22.0	0.0	14.0			
12-07-2026_03:44	12-07-2026_04:00	21.9	0.0	5.9	22.0	0.0	15.0			
12-07-2026_03:44	12-07-2026_05:00	22.0	0.0	3.3	22.0	0.0	13.0			
12-07-2026_03:44	12-07-2026_06:00	22.1	0.0	5.1	22.0	0.0	12.0			
12-07-2026_06:35	12-07-2026_07:00	21.4	0.0	5.6	21.0	0.0	9.0			
12-07-2026_06:35	12-07-2026_08:00	21.2	0.0	4.1	21.0	0.0	6.0			
12-07-2026_06:35	12-07-2026_09:00	22.0	0.0	4.0	23.0	0.0	8.0			
12-07-2026_09:03	12-07-2026_10:00	23.3	0.0	4.8	24.0	0.0	9.0			
12-07-2026_09:03	12-07-2026_11:00	24.5	0.0	5.9	25.0	0.0	11.0			
12-07-2026_11:12	12-07-2026_12:00	25.3	0.0	10.9	26.0	0.0	11.0			
12-07-2026_11:12	12-07-2026_13:00	26.0	0.0	13.6	26.0	0.0	12.0			
12-07-2026_13:42	12-07-2026_14:00				27.0	0.0	18.0			
12-07-2026_14:59	12-07-2026_15:00	26.5	0.0	15.5	27.0	0.0	21.0			
12-07-2026_14:59	12-07-2026_16:00	26.4	0.0	15.8	26.0	0.0	19.0			
12-07-2026_16:05	12-07-2026_17:00	26.3	0.0	16.0	26.0	0.0	19.0			
12-07-2026_16:05	12-07-2026_18:00	25.8	0.0	15.2	26.0	0.0	18.0			
12-07-2026_18:00	12-07-2026_19:00	25.3	0.0	13.7	26.0	0.0	19.0			
12-07-2026_19:18	12-07-2026_20:00	24.5	0.0	12.6	26.0	0.0	18.0			
12-07-2026_20:53	12-07-2026_21:00	23.7	0.0	12.2	25.0	0.0	18.0			
12-07-2026_21:54	12-07-2026_22:00	23.4	0.0	10.8	24.0	0.0	16.0			
12-07-2026_22:53	12-07-2026_23:00				23.0	0.0	16.0			
12-07-2026_23:57	13-07-2026_00:00	22.6	0.0	7.6	23.0	0.0	15.0			
12-07-2026_23:57	13-07-2026_01:00	22.4	0.0	6.8	23.0	0.0	14.0			
12-07-2026_23:57	13-07-2026_02:00	22.3	0.0	5.5	22.0	0.0	14.0			
12-07-2026_23:57	13-07-2026_03:00	22.2	0.0	5.1	22.0	0.0	11.0			
13-07-2026_03:46	13-07-2026_04:00	22.1	0.0	5.9	22.0	0.0	13.0			
13-07-2026_03:46	13-07-2026_05:00	22.1	0.0	5.5	22.0	0.0	13.0			
13-07-2026_03:46	13-07-2026_06:00	21.9	0.0	5.9	22.0	0.0	11.0			
13-07-2026_06:56	13-07-2026_07:00	21.7	0.0	4.8	22.0	0.0	13.0			
13-07-2026_06:56	13-07-2026_08:00	21.6	0.0	2.9	22.0	0.0	12.0			
13-07-2026_06:56	13-07-2026_09:00	22.5	0.0	3.8	23.0	0.0	10.0			
13-07-2026_06:56	13-07-2026_10:00	23.7	0.0	5.4	24.0	0.0	11.0			
13-07-2026_10:31	13-07-2026_11:00	25.1	0.0	6.4	25.0	0.0	8.0			
13-07-2026_10:31	13-07-2026_12:00	26.0	0.0	9.5	25.0	0.0	11.0			
13-07-2026_10:31	13-07-2026_13:00	26.4	0.0	13.1	27.0	0.0	15.0			
13-07-2026_13:25	13-07-2026_14:00	26.8	0.0	14.2	27.0	0.0	18.0			
13-07-2026_13:25	13-07-2026_15:00	26.9	0.0	15.9	26.0	0.0	20.0			
13-07-2026_13:25	13-07-2026_16:00	26.8	0.0	17.8	26.0	0.0	21.0			
13-07-2026_16:36	13-07-2026_17:00	26.4	0.0	18.2	26.0	0.0	22.0			
13-07-2026_16:36	13-07-2026_18:00	26.0	0.0	17.4	26.0	0.0	21.0			
13-07-2026_18:45	13-07-2026_19:00	25.3	0.0	16.1	26.0	0.0	22.0			
13-07-2026_18:45	13-07-2026_20:00	24.6	0.0	14.3	26.0	0.0	22.0			
13-07-2026_20:17	13-07-2026_21:00	23.9	0.0	12.5	25.0	0.0	21.0			
13-07-2026_21:59	13-07-2026_22:00	23.2	0.0	10.1	24.0	0.0	17.0			
13-07-2026_21:59	13-07-2026_23:00	22.9	0.0	8.5	23.0	0.0	15.0			
13-07-2026_23:04	14-07-2026_00:00	22.7	0.0	6.1	23.0	0.0	14.0			
13-07-2026_23:04	14-07-2026_01:00	22.4	0.0	3.7	22.0	0.0	12.0			
13-07-2026_23:04	14-07-2026_02:00	22.2	0.0	2.2	22.0	0.0	9.0			
14-07-2026_02:42	14-07-2026_03:00	21.9	0.0	2.2	22.0	0.0	9.0			
14-07-2026_02:42	14-07-2026_04:00	21.7	0.0	1.1	22.0	0.0	7.0			
14-07-2026_02:42	14-07-2026_05:00	21.4	0.0	0.8	22.0	0.0	2.0			
14-07-2026_05:33	14-07-2026_06:00	20.7	0.0	0.8	21.0	0.0	6.0			
14-07-2026_05:33	14-07-2026_07:00	20.3	0.0	1.8	21.0	0.0	5.0			
14-07-2026_05:33	14-07-2026_08:00	19.9	0.0	3.5	21.0	0.0	8.0			
14-07-2026_08:10	14-07-2026_09:00	21.2	0.0	4.4	23.0	0.0	4.0			
14-07-2026_08:10	14-07-2026_10:00	23.1	0.0	6.3	24.0	0.0	12.0			
14-07-2026_10:49	14-07-2026_11:00	24.4	0.0	8.7	25.0	0.0	13.0			
14-07-2026_10:49	14-07-2026_12:00	25.3	0.0	10.6	25.0	0.0	14.0			
14-07-2026_12:16	14-07-2026_13:00	26.1	0.0	13.0	26.0	0.0	16.0			
14-07-2026_12:16	14-07-2026_14:00	26.4	0.0	15.4	26.0	0.0	18.0			
14-07-2026_14:54	14-07-2026_15:00	26.5	0.0	16.4	26.0	0.0	18.0			
14-07-2026_14:54	14-07-2026_16:00	26.3	0.0	16.6	26.0	0.0	20.0			
14-07-2026_16:17	14-07-2026_17:00	25.8	0.0	16.6	26.0	0.0	20.0			
14-07-2026_16:17	14-07-2026_18:00	25.1	0.0	15.9	26.0	0.0	19.0			
14-07-2026_18:05	14-07-2026_19:00	24.4	0.0	14.7	26.0	0.0	18.0			
14-07-2026_18:05	14-07-2026_20:00	24.2	0.0	13.2	25.0	0.0	16.0			
14-07-2026_20:14	14-07-2026_21:00	23.6	0.0	11.3	24.0	0.0	16.0			
14-07-2026_20:14	14-07-2026_22:00	22.8	0.0	8.9	23.0	0.0	14.0			
14-07-2026_22:00	14-07-2026_23:00				23.0	0.0	14.0			
14-07-2026_23:06	15-07-2026_00:00	22.2	0.0	5.7	22.0	0.0	13.0			
14-07-2026_23:06	15-07-2026_01:00	22.0	0.0	5.7	22.0	0.0	10.0			
14-07-2026_23:06	15-07-2026_02:00	22.0	0.0	4.9	22.0	0.0	12.0			
15-07-2026_02:40	15-07-2026_03:00	21.8	0.0	4.5	22.0	0.0	11.0			
15-07-2026_02:40	15-07-2026_04:00	21.7	0.0	3.6	22.0	0.0	14.0			
15-07-2026_02:40	15-07-2026_05:00	21.6	0.0	0.8	21.0	0.0	19.0			
15-07-2026_05:34	15-07-2026_06:00	20.9	0.0	4.8	21.0	0.0	14.0			
15-07-2026_05:34	15-07-2026_07:00	20.7	0.0	5.4	21.0	0.0	5.0			
15-07-2026_05:34	15-07-2026_08:00	20.7	0.0	4.4	21.0	0.0	1.0			
15-07-2026_08:17	15-07-2026_09:00	21.5	0.0	3.7	22.0	0.0	3.0			
15-07-2026_08:17	15-07-2026_10:00	23.4	0.0	3.6	24.0	0.0	8.0			
15-07-2026_10:52	15-07-2026_11:00	24.7	0.0	9.0	26.0	0.0	11.0			
15-07-2026_10:52	15-07-2026_12:00	26.0	0.0	10.4	26.0	0.0	10.0			
15-07-2026_12:17	15-07-2026_13:00	27.8	0.0	11.7	27.0	0.0	12.0			
15-07-2026_12:17	15-07-2026_14:00	28.7	0.0	12.4	28.0	0.0	17.0			
15-07-2026_14:53	15-07-2026_15:00	28.8	0.0	15.2	28.0	0.0	20.0			
15-07-2026_14:53	15-07-2026_16:00	28.5	0.0	16.9	28.0	0.0	22.0			
15-07-2026_16:24	15-07-2026_17:00	28.1	0.0	18.0	28.0	0.0	24.0			
15-07-2026_16:24	15-07-2026_18:00	27.8	0.0	17.4	27.0	0.0	25.0			
15-07-2026_18:09	15-07-2026_19:00	26.9	0.0	16.5	27.0	0.0	26.0			
15-07-2026_18:09	15-07-2026_20:00	26.0	0.0	15.5	27.0	0.0	25.0			
15-07-2026_20:11	15-07-2026_21:00	24.9	0.0	13.2	26.0	0.0	22.0			
15-07-2026_20:11	15-07-2026_22:00	24.1	0.0	9.1	25.0	0.0	16.0			
15-07-2026_22:03	15-07-2026_23:00				24.0	0.0	10.0			
15-07-2026_22:03	16-07-2026_00:00	23.3	0.0	2.5	24.0	0.0	7.0			
16-07-2026_00:00	16-07-2026_01:00	23.0	0.0	3.2	24.0	0.0	2.0			
16-07-2026_00:00	16-07-2026_02:00	22.8	0.0	3.9	23.0	0.0	7.0			
16-07-2026_00:00	16-07-2026_03:00	22.8	0.0	3.6	23.0	0.0	3.0			
16-07-2026_00:00	16-07-2026_04:00	22.9	0.0	1.3	24.0	0.0	6.0			
16-07-2026_04:09	16-07-2026_05:00	23.1	0.0	1.5	23.0	0.0	2.0			
16-07-2026_04:09	16-07-2026_06:00	22.8	0.0	4.1	23.0	0.0	8.0			
16-07-2026_04:09	16-07-2026_07:00	22.6	0.0	3.7	23.0	0.0	9.0			
16-07-2026_07:23	16-07-2026_08:00	21.4	0.0	2.6	23.0	0.0	8.0			
16-07-2026_07:23	16-07-2026_09:00	22.4	0.0	1.3	24.0	0.0	7.0			
16-07-2026_07:23	16-07-2026_10:00	24.3	0.0	2.3	25.0	0.0	9.0			
16-07-2026_10:10	16-07-2026_11:00	25.8	0.0	5.2	26.0	0.0	9.0			
16-07-2026_10:10	16-07-2026_12:00	26.6	0.0	10.0	26.0	0.0	11.0			
16-07-2026_12:21	16-07-2026_13:00	27.5	0.0	13.0	28.0	0.0	12.0			
16-07-2026_12:21	16-07-2026_14:00	27.9	0.0	14.8	27.0	0.0	15.0			
16-07-2026_12:21	16-07-2026_15:00	28.2	0.0	15.5	27.0	0.0	16.0			
16-07-2026_15:04	16-07-2026_16:00	28.3	0.0	15.2	27.0	0.0	19.0			
16-07-2026_15:04	16-07-2026_17:00	28.3	0.0	15.4	27.0	0.0	19.0			
16-07-2026_17:20	16-07-2026_18:00	27.8	0.0	15.3	27.0	0.0	20.0			
16-07-2026_17:20	16-07-2026_19:00	27.4	0.0	14.5	27.0	0.0	22.0			
16-07-2026_19:15	16-07-2026_20:00	26.5	0.0	13.6	27.0	0.0	20.0			
16-07-2026_19:15	16-07-2026_21:00	25.3	0.0	11.8	26.0	0.0	23.0			
16-07-2026_21:02	16-07-2026_22:00	24.3	0.0	8.4	25.0	0.0	14.0			
16-07-2026_22:59	16-07-2026_23:00				24.0	0.0	9.0			
16-07-2026_22:59	17-07-2026_00:00	23.7	0.0	3.1	24.0	0.0	9.0			
17-07-2026_00:06	17-07-2026_01:00	23.5	0.0	0.5	24.0	0.0	5.0			
17-07-2026_00:06	17-07-2026_02:00	23.0	0.0	3.7	24.0	0.0	7.0			
17-07-2026_00:06	17-07-2026_03:00	21.6	0.0	2.9	23.0	0.0	5.0			
17-07-2026_00:06	17-07-2026_04:00	22.0	0.0	1.0	23.0	0.0	3.0			
17-07-2026_04:08	17-07-2026_05:00	22.6	0.0	4.5	23.0	0.0	4.0			
17-07-2026_04:08	17-07-2026_06:00	22.4	0.0	6.0	23.0	0.0	3.0			
17-07-2026_04:08	17-07-2026_07:00	22.1	0.0	5.9	23.0	0.0	3.0			
17-07-2026_07:19	17-07-2026_08:00	21.8	0.0	7.0	23.0	0.0	11.0			
17-07-2026_07:19	17-07-2026_09:00	22.8	0.0	6.1	24.0	0.0	10.0			
17-07-2026_07:19	17-07-2026_10:00	24.3	0.0	7.2	26.0	0.0	11.0			
17-07-2026_10:00	17-07-2026_11:00	26.2	0.0	7.5	28.0	0.0	13.0			
17-07-2026_10:00	17-07-2026_12:00	27.9	0.0	8.5	28.0	0.0	14.0			
17-07-2026_12:11	17-07-2026_13:00	29.9	0.0	11.2	30.0	0.0	21.0			
17-07-2026_12:11	17-07-2026_14:00	30.0	0.0	14.2	30.0	0.0	24.0			
17-07-2026_14:44	17-07-2026_15:00	29.5	0.0	16.5	29.0	0.0	27.0			
17-07-2026_14:44	17-07-2026_16:00	29.5	0.0	17.7	29.0	0.0	30.0			
17-07-2026_16:16	17-07-2026_17:00	29.1	0.0	17.4	29.0	0.0	29.0			
17-07-2026_16:16	17-07-2026_18:00	28.8	0.0	17.1	28.0	0.0	27.0			
17-07-2026_18:07	17-07-2026_19:00	27.9	0.0	15.5	28.0	0.0	23.0			
17-07-2026_18:07	17-07-2026_20:00	26.9	0.0	14.0	27.0	0.0	24.0			
17-07-2026_20:06	17-07-2026_21:00	25.5	0.0	11.8	26.0	0.0	24.0			
17-07-2026_21:55	17-07-2026_22:00	24.2	0.0	8.4	25.0	0.0	15.0			
17-07-2026_22:52	17-07-2026_23:00				24.0	0.0	10.0			
17-07-2026_23:54	18-07-2026_00:00	23.2	0.0	1.4	24.0	0.0	3.0			
17-07-2026_23:54	18-07-2026_01:00	23.0	0.0	2.6	24.0	0.0	1.0			
17-07-2026_23:54	18-07-2026_02:00	22.1	0.0	4.0	23.0	0.0	6.0			
18-07-2026_02:42	18-07-2026_03:00	22.3	0.0	3.2	24.0	0.0	8.0			
18-07-2026_02:42	18-07-2026_04:00	22.3	0.0	2.3	23.0	0.0	5.0			
18-07-2026_02:42	18-07-2026_05:00	22.4	0.0	0.8	23.0	0.0	3.0			
18-07-2026_05:29	18-07-2026_06:00	22.0	0.0	1.3	23.0	0.0	6.0			
18-07-2026_05:29	18-07-2026_07:00	22.1	0.0	3.1	23.0	0.0	6.0			
18-07-2026_07:55	18-07-2026_08:00	20.7	0.0	4.3	22.0	0.0	5.0			
18-07-2026_07:55	18-07-2026_09:00	21.7	0.0	2.4	24.0	0.0	3.0			
18-07-2026_09:36	18-07-2026_10:00	23.5	0.0	1.8	25.0	0.0	8.0			
18-07-2026_09:36	18-07-2026_11:00	25.3	0.0	2.9	26.0	0.0	8.0			
18-07-2026_11:06	18-07-2026_12:00	26.4	0.0	4.5	26.0	0.0	9.0			
18-07-2026_11:06	18-07-2026_13:00	26.9	0.0	7.8	28.0	0.0	13.0			
18-07-2026_13:21	18-07-2026_14:00	27.8	0.0	10.7	27.0	0.0	17.0			
18-07-2026_14:56	18-07-2026_15:00	28.1	0.0	13.2	27.0	0.0	20.0			
18-07-2026_14:56	18-07-2026_16:00	27.8	0.0	14.2	27.0	0.0	23.0			
18-07-2026_16:00	18-07-2026_17:00	27.3	0.0	15.5	27.0	0.0	24.0			
18-07-2026_17:56	18-07-2026_18:00	27.4	0.0	16.5	27.0	0.0	22.0			
18-07-2026_17:56	18-07-2026_19:00	26.8	0.0	15.8	27.0	0.0	21.0			
18-07-2026_19:12	18-07-2026_20:00	25.7	0.0	13.6	27.0	0.0	23.0			
18-07-2026_20:52	18-07-2026_21:00	24.4	0.0	11.7	25.0	0.0	23.0			
18-07-2026_21:53	18-07-2026_22:00	23.3	0.0	7.6	24.0	0.0	19.0			
18-07-2026_22:53	18-07-2026_23:00				24.0	0.0	10.0			
18-07-2026_23:56	19-07-2026_00:00	22.1	0.0	2.3	23.0	0.0	5.0			
18-07-2026_23:56	19-07-2026_01:00	21.6	0.0	2.6	23.0	0.0	0.0			
18-07-2026_23:56	19-07-2026_02:00	21.3	0.0	1.6	23.0	0.0	8.0			
18-07-2026_23:56	19-07-2026_03:00	21.1	0.0	2.5	22.0	0.0	5.0			
19-07-2026_03:25	19-07-2026_04:00	19.9	0.0	3.9	22.0	0.0	5.0			
19-07-2026_03:25	19-07-2026_05:00	19.5	0.0	2.1	21.0	0.0	4.0			
19-07-2026_03:25	19-07-2026_06:00	19.8	0.0	2.8	22.0	0.0	3.0			
19-07-2026_06:31	19-07-2026_07:00	19.6	0.0	2.5	22.0	0.0	3.0			
19-07-2026_06:31	19-07-2026_08:00	20.0	0.0	1.6	22.0	0.0	7.0			
19-07-2026_06:31	19-07-2026_09:00	21.5	0.0	1.0	24.0	0.0	5.0			
19-07-2026_09:05	19-07-2026_10:00	23.7	0.0	4.8	25.0	0.0	9.0			
19-07-2026_09:05	19-07-2026_11:00	24.7	0.0	7.7	26.0	0.0	8.0			
19-07-2026_11:09	19-07-2026_12:00	25.3	0.0	9.2	26.0	0.0	14.0			
19-07-2026_11:09	19-07-2026_13:00	26.1	0.0	9.4	27.0	0.0	15.0			
19-07-2026_13:22	19-07-2026_14:00	26.6	0.0	11.8	27.0	0.0	17.0			
19-07-2026_14:58	19-07-2026_15:00	26.9	0.0	13.0	27.0	0.0	19.0			
19-07-2026_14:58	19-07-2026_16:00	27.5	0.0	14.5	27.0	0.0	22.0			
19-07-2026_16:03	19-07-2026_17:00	27.3	0.0	15.5	27.0	0.0	23.0			
19-07-2026_17:58	19-07-2026_18:00	26.7	0.0	15.8	27.0	0.0	24.0			
19-07-2026_17:58	19-07-2026_19:00	26.0	0.0	14.9	26.0	0.0	24.0			
19-07-2026_19:18	19-07-2026_20:00	25.1	0.0	13.3	26.0	0.0	22.0			
19-07-2026_20:53	19-07-2026_21:00	24.1	0.0	11.6	25.0	0.0	19.0			
19-07-2026_21:55	19-07-2026_22:00	23.3	0.0	8.4	24.0	0.0	12.0			
19-07-2026_22:56	19-07-2026_23:00				23.0	0.0	7.0			
19-07-2026_22:56	20-07-2026_00:00	22.1	0.0	2.9	23.0	0.0	5.0			
19-07-2026_22:56	20-07-2026_01:00	22.1	0.0	1.4	23.0	0.0	9.0			
19-07-2026_22:56	20-07-2026_02:00	21.3	0.0	5.7	22.0	0.0	8.0			
20-07-2026_02:55	20-07-2026_03:00	21.3	0.0	7.7	22.0	0.0	10.0			
20-07-2026_02:55	20-07-2026_04:00	20.8	0.0	3.2	22.0	0.0	10.0			
20-07-2026_02:55	20-07-2026_05:00	20.3	0.0	3.1	21.0	0.0	3.0			
20-07-2026_02:55	20-07-2026_06:00	19.9	0.0	4.1	22.0	0.0	4.0			
20-07-2026_02:55	20-07-2026_07:00	19.9	0.0	4.6	22.0	0.0	3.0			
20-07-2026_02:55	20-07-2026_08:00	19.9	0.0	2.9	22.0	0.0	6.0			
20-07-2026_02:55	20-07-2026_09:00	21.0	0.0	1.8	23.0	0.0	10.0			
20-07-2026_02:55	20-07-2026_10:00	22.7	0.0	4.0	24.0	0.0	10.0			
20-07-2026_02:55	20-07-2026_11:00	24.2	0.0	6.8	26.0	0.0	13.0			
20-07-2026_02:55	20-07-2026_12:00	24.9	0.0	9.3	25.0	0.0	12.0			
20-07-2026_02:55	20-07-2026_13:00	25.5	0.0	11.4	26.0	0.0	11.0			
20-07-2026_02:55	20-07-2026_14:00	26.2	0.0	12.2	26.0	0.0	16.0			
20-07-2026_02:55	20-07-2026_15:00	26.6	0.0	14.2	26.0	0.0	17.0			
20-07-2026_02:55	20-07-2026_16:00	26.5	0.0	15.7	27.0	0.0	20.0			
20-07-2026_02:55	20-07-2026_17:00	26.7	0.0	15.5	28.0	0.0	23.0			
20-07-2026_02:55	20-07-2026_18:00	26.6	0.0	14.4	27.0	0.0	22.0			
20-07-2026_02:55	20-07-2026_19:00	26.3	0.0	14.0	27.0	0.0	20.0			
20-07-2026_02:55	20-07-2026_20:00	25.5	0.0	13.2	26.0	0.0	20.0			
20-07-2026_02:55	20-07-2026_21:00	24.4	0.0	11.2	25.0	0.0	19.0			
20-07-2026_02:55	20-07-2026_22:00	23.5	0.0	6.2	24.0	0.0	12.0			
20-07-2026_02:55	20-07-2026_23:00	23.0	0.0	1.1	24.0	0.0	8.0			
20-07-2026_02:55	21-07-2026_00:00	22.5	0.0	4.2	23.0	0.0	4.0			
20-07-2026_02:55	21-07-2026_01:00	21.7	0.0	1.6	23.0	0.0	8.0			
20-07-2026_02:55	21-07-2026_02:00	21.8	0.0	2.5	23.0	0.0	8.0			
20-07-2026_02:55	21-07-2026_03:00	20.9	0.0	5.0	22.0	0.0	3.0			
20-07-2026_02:55	21-07-2026_04:00	20.8	0.0	2.7	22.0	0.0	2.0			
20-07-2026_02:55	21-07-2026_05:00	21.0	0.0	1.5	22.0	0.0	11.0			
20-07-2026_02:55	21-07-2026_06:00	21.5	0.0	2.9	22.0	0.0	13.0			
20-07-2026_02:55	21-07-2026_07:00	21.3	0.0	2.2	22.0	0.0	7.0			
20-07-2026_02:55	21-07-2026_08:00	21.6	0.0	2.0	21.0	0.0	6.0			
20-07-2026_02:55	21-07-2026_09:00	22.3	0.0	2.3	23.0	0.0	6.0			
20-07-2026_02:55	21-07-2026_10:00	23.7	0.0	1.5	25.0	0.0	7.0			
20-07-2026_02:55	21-07-2026_11:00	24.3	0.0	0.5	26.0	0.0	8.0			
20-07-2026_02:55	21-07-2026_12:00	26.1	0.0	2.0	25.0	0.0	13.0			
20-07-2026_02:55	21-07-2026_13:00	26.9	0.0	8.7	28.0	0.0	15.0			
20-07-2026_02:55	21-07-2026_14:00	26.8	0.0	9.4	27.0	0.0	17.0			
20-07-2026_02:55	21-07-2026_15:00	26.6	0.0	12.3	27.0	0.0	19.0			
20-07-2026_02:55	21-07-2026_16:00	26.6	0.0	14.5	27.0	0.0	22.0			
20-07-2026_02:55	21-07-2026_17:00	27.1	0.0	14.1	28.0	0.0	22.0			
20-07-2026_02:55	21-07-2026_18:00	26.9	0.0	15.2	28.0	0.0	22.0			
20-07-2026_02:55	21-07-2026_19:00	26.6	0.0	14.0	27.0	0.0	22.0			
20-07-2026_02:55	21-07-2026_20:00	26.1	0.0	11.8						
20-07-2026_02:55	21-07-2026_21:00	25.1	0.0	9.4						
20-07-2026_02:55	21-07-2026_22:00	23.9	0.0	5.1						
20-07-2026_02:55	21-07-2026_23:00	23.2	0.0	2.3						
20-07-2026_02:55	22-07-2026_00:00	22.7	0.0	2.6						
20-07-2026_02:55	22-07-2026_01:00	22.3	0.0	1.9						
20-07-2026_02:55	22-07-2026_02:00	22.1	0.0	2.3						
